-- phpMyAdmin SQL Dump
-- version 4.9.1
-- https://www.phpmyadmin.net/
--
-- Host: 127.0.0.1
-- Tempo de geração: 10-Jan-2020 às 18:27
-- Versão do servidor: 10.4.8-MariaDB
-- versão do PHP: 7.3.11

SET SQL_MODE = "NO_AUTO_VALUE_ON_ZERO";
SET AUTOCOMMIT = 0;
START TRANSACTION;
SET time_zone = "+00:00";


/*!40101 SET @OLD_CHARACTER_SET_CLIENT=@@CHARACTER_SET_CLIENT */;
/*!40101 SET @OLD_CHARACTER_SET_RESULTS=@@CHARACTER_SET_RESULTS */;
/*!40101 SET @OLD_COLLATION_CONNECTION=@@COLLATION_CONNECTION */;
/*!40101 SET NAMES utf8mb4 */;

--
-- Banco de dados: `techpower`
--

-- --------------------------------------------------------

--
-- Estrutura da tabela `category`
--

CREATE TABLE `category` (
  `id` int(11) NOT NULL,
  `description` varchar(200) NOT NULL,
  `parent_id` int(11) DEFAULT NULL
) ENGINE=InnoDB DEFAULT CHARSET=latin1;

--
-- Extraindo dados da tabela `category`
--

INSERT INTO `category` (`id`, `description`, `parent_id`) VALUES
(1, 'Computadores', NULL),
(2, 'Desktops', 1),
(3, 'Notebooks', 1),
(4, 'Componentes', NULL),
(5, 'Processadores', 4),
(6, 'Placas Gráficas', 4),
(7, 'Motherboards', 4),
(8, 'Periféricos', NULL),
(9, 'Ratos', 8),
(10, 'Teclados', 8);

-- --------------------------------------------------------

--
-- Estrutura da tabela `migration`
--

CREATE TABLE `migration` (
  `version` varchar(180) NOT NULL,
  `apply_time` int(11) DEFAULT NULL
) ENGINE=InnoDB DEFAULT CHARSET=utf8mb4;

--
-- Extraindo dados da tabela `migration`
--

INSERT INTO `migration` (`version`, `apply_time`) VALUES
('m000000_000000_base', 1578415511),
('m130524_201442_init', 1578415513),
('m190124_110200_add_verification_token_column_to_user_table', 1578415513);

-- --------------------------------------------------------

--
-- Estrutura da tabela `product`
--

CREATE TABLE `product` (
  `id` int(11) NOT NULL,
  `product_name` varchar(50) NOT NULL,
  `unit_price` decimal(12,2) DEFAULT NULL,
  `is_discontinued` bit(1) NOT NULL DEFAULT b'0',
  `description` text NOT NULL,
  `product_image` varchar(255) NOT NULL,
  `id_category` int(11) NOT NULL
) ENGINE=InnoDB DEFAULT CHARSET=latin1;

--
-- Extraindo dados da tabela `product`
--

INSERT INTO `product` (`id`, `product_name`, `unit_price`, `is_discontinued`, `description`, `product_image`, `id_category`) VALUES
(1, 'Computador Desktop PCDIGA Gaming GML-AI59FL9', '599.00', b'0', 'SISTEMA OPERATIVO WINDOWS 10 | O MELHOR WINDOWS DE SEMPRE\r\nO Windows 10 (não incluído de origem nesta configuração) ajuda-o a fazer com que as coisas aconteçam. Obtenha arranques rápidos, um Menu Iniciar familiar mas alargado e excelentes novas formas de concretizar o que pretende, mesmo entre vários dispositivos diferentes. Vai também adorar as funcionalidades inovadoras, como o novo browser desenvolvido para a ação online.\r\n\r\nPROCESSADOR INTEL CORE I5 | PROJETADO PARA OS MELHORES GAMERS DO MUNDO\r\nUsufrua de desempenho excepcional, entretenimento imersivo e conveniência simples com os processadores Intel Core da 9ª Geração. O processador i5 9400F amplia todos os recursos que os utilizadores adoram nos CPUs da geração anterior com inovações ainda mais avançadas que oferecem novos níveis de desempenho que o colocam no seu computador em vários formatos. O i5 9400F apresenta todas as mais recentes tecnologias da Intel para permitir que você tenha a melhor experiência em computação.	\r\n\r\nCAIXA NOX INFINITY ALPHA RGB | DESIGN EM VIDRO TEMPERADO E ACABAMENTO SUPERIOR\r\nUm design elegante com linhas poligonais que cortam o painel frontal, iluminado por luzes LED ARGB que lhe dão um estilo casual e fresco. A Infinity Alpha continua a elegância e sobriedade desta série e adiciona uma lateral de vidro temperado para que você possa ver todos os detalhes da sua configuração. A Infinity Alpha é uma caixa de aço com acabamentos elegantes que a tornam uma excelente opção para quem procura versatilidade e alto desempenho na sua configuração.\r\nMOTHERBOARD ASUS PRIME B360M-A  | OVERCLOCKING E ARREFECIMENTO COM UM CLIQUE\r\nAs motherboards ASUS Prime Série 300 fornecem a base sólida necessária para a sua primeira construção, além de flexibilidade para crescer com as suas ambições. A ASUS reuniu todas as coisas boas que vêm nos processadores Intel® Core™ com design e engenharia essenciais da ASUS, para que você beneficie das tecnologias líderes do setor - incluindo ajuste automatizado do sistema, controlos abrangentes de refrigeração e áudio integrado na placa.	\r\n\r\nPLACA GRÁFICA GEFORCE GTX 1650 | AVANÇADA ARQUITETURA NVIDIA\r\nAs placas gráficas Phoenix juntam tanta performance quanto possível, num design compacto que fornece uma compatibilidade ampla com chassis pequenos. Espaço limitado exige um sistema de arrefecimento eficiente, e a Phoenix GeForce® GTX1650 vem equipada com uma ventoinha que dispõe de rolamentos duplos e dispõe da certificação IP5X para Resistência ao Pó. Quer esteja a atualizar uma placa antiga ou a construir a sua primeira plataforma gaming, a Phoenix é uma placa potente que proporciona uma performance da próxima geração.\r\nMEMÓRIA RAM G.SKILL AEGIS | A SOLUÇÃO IDEAL PARA COMPUTADORES GAMING\r\nAegis simboliza força e poder. Esta adição de memória DDR4 à família AEGIS é projetada para um desempenho melhorado e alta estabilidade nos mais recentes sistemas de jogo para PC. Dê o desempenho de qualidade que a sua plataforma gaming merece. Não importa o jogo. Quer se trate de FPS RTS MOBA ou MMORPG deixe a memória AEGIS Gaming DDR4 ser a força do seu arsenal de jogo!	\r\n\r\nSSD M.2 WESTERN DIGITAL BLUE SN500 | AVANCE PARA O DESEMPENHO DO NVME™\r\nO SSD WD Blue™ SN500 NVMe™ aumenta o desempenho três vezes em relação aos SSDs SATA de topo com uma solução NVMe superior para PCs comuns e de alto desempenho. O SSD WD Blue SN500 NVMe permite que os revendedores, construtores de sistemas e consumidores aproveitem a solução de armazenamento NVMe ao criarem os seus próximos PCs. Disponível  no formato M.2 2280, o SSD WD Blue SN500 NVMe dará aos seus sistemas a aceleração de que você precisa.\r\nFONTE DE ALIMENTAÇÃO NOX URANO VX | CERTIFICAÇÃO 80 PLUS BRONZE\r\nA eficiência energética desempenha um papel muito importante no desempenho da fonte, é por isso que estas fontes Urano têm certificação 80 PLUS Bronze. Este certificado garante que 85% da energia que obtém da fonte é consumida de forma eficiente, o que garante um funcionamento eficiente. Além disso, os níveis ótimos de ruído e temperatura são mantidos, além de economizar custos de eletricidade.', '13636e66998c5e8dc2d36de1080b1568.png', 2),
(7, 'Computador Desktop PCDIGA Gaming GML-MR53GL9', '699.99', b'0', 'SISTEMA OPERATIVO WINDOWS 10 | O MELHOR WINDOWS DE SEMPRE\r\nO Windows 10 (não incluído de origem nesta configuração) ajuda-o a fazer com que as coisas aconteçam. Obtenha arranques rápidos, um Menu Iniciar familiar mas alargado e excelentes novas formas de concretizar o que pretende, mesmo entre vários dispositivos diferentes. Vai também adorar as funcionalidades inovadoras, como o novo browser desenvolvido para a ação online.\r\nPROCESSADOR AMD RYZEN 5 3600 | DEFININDO O PADRÃO PARA O ALTO DESEMPENHO\r\nA arquitetura “Zen 2” do núcleo de alto desempenho da AMD permite que os Processadores de 3ª geração Ryzen™ ofereçam o mais alto desempenho para uma ou múltiplas linha(s) de execução e de qualquer Processador de desktop convencional. Tanto para gamers quanto para os criadores de conteúdo, este desempenho foi criado essencialmente para ajudá-lo a vencer.	\r\n\r\nCAIXA MSI MAG VAMPIRIC 011C | MORE THAN JUST A MATCH\r\nA caixa MSI MAG VAMPIRIC 011C, inspirado no duque do cavaleiro das trevas - Drácula. Com uma combinação de preto e cinza, é tão calma e misteriosa quanto o castelo. Além disso, um totem frontal simboliza a medalha de honra pessoal, que pode ser projetada através da iluminação RGB para representar características claras de caráter.\r\nMOTHERBOARD MSI B450M PRO-VDH MAX  | TORNAR A SUA VIDA MAIS FÁCIL É A TAREFA DA MSI\r\nAs motherboards MSI foram projetadas com vários recursos inteligentes para configuração e utilização convenientes como a localização SATA e USB bem como várias soluções de refrigeração, para que os utilizadores possam escolher a plataforma de jogos que desejarem.	\r\n\r\nPLACA GRÁFICA GEFORCE GTX 1650 | ARQUITETURA NVIDIA TURING™\r\nA GeForce® GTX 1650 é construída com o desempenho gráfico inovador da premiada arquitetura NVIDIA Turing para alimentar os seus jogos favoritos. Prepare-se para o jogo com um desempenho duas vezes mais rápido que a GeForce GTX 950 e até 70% mais rápida do que a GTX 1050. O GeForce Experience permite capturar e compartilhar vídeos screenshots e livestreams com amigos. Mantenha os drivers GeForce atualizados e otimize facilmente o seu jogo.\r\nMEMÓRIA RAM G.SKILL AEGIS | A SOLUÇÃO IDEAL PARA COMPUTADORES GAMING\r\nAegis simboliza força e poder. Esta adição de memória DDR4 à família AEGIS é projetada para um desempenho melhorado e alta estabilidade nos mais recentes sistemas de jogo para PC. Dê o desempenho de qualidade que a sua plataforma gaming merece. Não importa o jogo. Quer se trate de FPS RTS MOBA ou MMORPG deixe a memória AEGIS Gaming DDR4 ser a força do seu arsenal de jogo!	\r\n\r\nSSD M.2 WESTERN DIGITAL BLUE SN500 | AVANCE PARA O DESEMPENHO DO NVME™\r\nO SSD WD Blue™ SN500 NVMe™ aumenta o desempenho três vezes em relação aos SSDs SATA de topo com uma solução NVMe superior para PCs comuns e de alto desempenho. O SSD WD Blue SN500 NVMe permite que os revendedores, construtores de sistemas e consumidores aproveitem a solução de armazenamento NVMe ao criarem os seus próximos PCs. Disponível  no formato M.2 2280, o SSD WD Blue SN500 NVMe dará aos seus sistemas a aceleração de que você precisa.\r\nFONTE DE ALIMENTAÇÃO SEASONIC S12II 520W | CERTIFICAÇÃO 80 PLUS BRONZE\r\nQuando há necessidade de uma fonte de alimentação básica eficiente e fiável para um computador de escritório estável a um preço muito acessível esta unidade uma das melhores escolhas. Não há dúvida de que a S12II-520 é tudo que você precisa para uma paz de espírito. Ele oferece fiabilidade graças aos componentes de alta qualidade. O seu avançado sistema de controlo da ventoinha e certificação 80 PLUS Bronze são os sinais da economia de energia.', 'c36387b3a21944b2dc44c922a6dc6464.png', 2),
(8, 'Computador Desktop PCDIGA Gaming GML-DR52HL9', '699.99', b'0', 'SISTEMA OPERATIVO WINDOWS 10 | O MELHOR WINDOWS DE SEMPRE\r\nO Windows 10 (não incluído de origem nesta configuração) ajuda-o a fazer com que as coisas aconteçam. Obtenha arranques rápidos, um Menu Iniciar familiar mas alargado e excelentes novas formas de concretizar o que pretende, mesmo entre vários dispositivos diferentes. Vai também adorar as funcionalidades inovadoras, como o novo browser desenvolvido para a ação online.\r\n\r\nPROCESSADOR AMD RYZEN 7 2700X | DEFININDO O PADRÃO PARA O ALTO DESEMPENHO\r\nO seu processador é inteligente? Este processador AMD Ryzen™ está armado com uma verdadeira rede neural para ajudar a analisar as suas necessidades de computação e otimizar a capacidade de resposta a cada milissegundo. Melhor desempenho e mais recursos avançados, os processadores para desktop 2ª geração AMD Ryzen™ fornecem uma computação mais rápida e suave para experiências extraordinárias.	\r\n\r\nCAIXA COOLER MASTER MASTERBOX K501L | NO CENTRO DAS ATENÇÕES\r\nOs jogos estão no centro da MasterBox K501L. Colocar uma ventoinha iluminado contra a ventilação angular do painel frontal mostra o seu caráter agressivo. O suporte para gaming hardware, como placas gráficas longas, muito espaço de armazenamento e refrigeração líquida, tem prioridade na K501L e ainda deixa espaço para futuras atualizações. A compatibilidade com hardware de alto desempenho faz da K501L o começo essencial na construção de um equipamento monstruoso, com preço competitivo para apontar o foco para atualizações.\r\nMOTHERBOARD MSI B450M PRO-VDH MAX | TORNAR A SUA VIDA MAIS FÁCIL É A TAREFA DA MSI\r\nAs motherboards MSI foram projetadas com vários recursos inteligentes para configuração e utilização convenientes como a localização SATA e USB bem como várias soluções de refrigeração, para que os utilizadores possam escolher a plataforma de jogos que desejarem.	\r\n\r\nPLACA GRÁFICA SAPPHIRE PULSE RADEON RX VEGA 64\r\nCom excelente desempenho 1080p, a SAPPHIRE PULSE Radeon RX VEGA 56 é o coração vencedor do PC de um jogador. O GPU com overclock de fábrica irá bombear frames com excelente eficiência, oferecendo jogos suaves ultra detalhados. O cooler personalizado foi pensado para desempenho e longevidade.\r\nMEMÓRIA RAM G.SKILL AEGIS | A SOLUÇÃO IDEAL PARA COMPUTADORES GAMING\r\nAegis simboliza força e poder. Esta adição de memória DDR4 à família AEGIS é projetada para um desempenho melhorado e alta estabilidade nos mais recentes sistemas de jogo para PC. Dê o desempenho de qualidade que a sua plataforma gaming merece. Não importa o jogo. Quer se trate de FPS RTS MOBA ou MMORPG deixe a memória AEGIS Gaming DDR4 ser a força do seu arsenal de jogo!	\r\n\r\nSSD M.2 WESTERN DIGITAL BLUE SN500 | AVANCE PARA O DESEMPENHO DO NVME™\r\nO SSD WD Blue™ SN500 NVMe™ aumenta o desempenho três vezes em relação aos SSDs SATA de topo com uma solução NVMe superior para PCs comuns e de alto desempenho. O SSD WD Blue SN500 NVMe permite que os revendedores, construtores de sistemas e consumidores aproveitem a solução de armazenamento NVMe ao criarem os seus próximos PCs. Disponível  no formato M.2 2280, o SSD WD Blue SN500 NVMe dará aos seus sistemas a aceleração de que você precisa.\r\nFONTE DE ALIMENTAÇÃO SEASONIC S12II 620W | CERTIFICAÇÃO 80 PLUS BRONZE\r\nQuando há necessidade de uma fonte de alimentação básica eficiente e fiável para um computador de escritório estável a um preço muito acessível esta unidade uma das melhores escolhas. Não há dúvida de que a S12II-620 é tudo que você precisa para uma paz de espírito. Ele oferece fiabilidade graças aos componentes de alta qualidade. O seu avançado sistema de controlo da ventoinha e certificação 80 PLUS Bronze são os sinais da economia de energia.', '61769f2bf13c49fcf325d9432e19ca07.png', 2),
(9, 'Computador Desktop PCDIGA Gaming GML-AI59IH9', '899.00', b'0', 'SISTEMA OPERATIVO WINDOWS 10 | O MELHOR WINDOWS DE SEMPRE\r\nO Windows 10 (não incluído de origem nesta configuração) ajuda-o a fazer com que as coisas aconteçam. Obtenha arranques rápidos, um Menu Iniciar familiar mas alargado e excelentes novas formas de concretizar o que pretende, mesmo entre vários dispositivos diferentes. Vai também adorar as funcionalidades inovadoras, como o novo browser desenvolvido para a ação online.\r\n\r\nPROCESSADOR INTEL® CORE™ i5 DA 9ª GERAÇÃO | PROJETADO PARA OS MELHORES GAMERS DO MUNDO\r\nUsufrua de desempenho excepcional, entretenimento imersivo e conveniência simples com os processadores Intel Core da 9ª Geração. O processador i5 9400F amplia todos os recursos que os utilizadores adoram nos CPUs da geração anterior com inovações ainda mais avançadas que oferecem novos níveis de desempenho que o colocam no seu computador em vários formatos.	\r\n\r\nCAIXA CORSAIR CARBIDE 175R | DESIGN EM VIDRO TEMPERADO E ACABAMENTO SUPERIOR\r\nA Carbide Series 175R RGB é uma caixa ATX mid-tower projetada com linhas simples e realçada com uma ventoinha RGB na parte frontal e um painel lateral em vidro temperado. Design simples e o logo da CORSAIR na parte frontal, retroiluminado por uma ventoinha RGB com seis LEDs RGB personalizáveis. Exiba os componentes do seu sistema com um painel completamente transparente que mostra o interior do seu PC.\r\n\r\nMOTHERBOARD ASUS PRIME Z390-P | CONSTRUA COM CONFIANÇA\r\nAs motherboards ASUS Prime Z390 fornecem a base sólida necessária para a sua primeira construção, além de imensas características para fazer crescer a sua ambição. Combinamos todas as coisas boas que são embaladas nos mais recentes processadores Intel® Core™ da 9ª geração com design e engenharia ASUS essenciais, para que você se beneficie das tecnologias líderes do setor - incluindo o ajuste automatizado do sistema, controles abrangentes de resfriamento, áudio incorporado a bordo e suporte para o cartão de extensão de ventilador ASUS. Construa inteligente e fácil com o ASUS Prime Z390.	\r\n\r\nPLACA GRÁFICA ASUS GEFORCE GTX 1660 Ti | ARQUITETURA NVIDIA TURING™\r\nA GeForce® GTX 1660 Ti conta com o desempenho avançado a nível gráfico da premiada arquitetura NVIDIA Turing™. Com um desempenho ao nível da GeForce GTX 1070, trata-se de um supercompressor incrivelmente rápido para os jogos mais populares da atualidade, sendo ainda mais rápido com títulos modernos.\r\n\r\nMEMÓRIA RAM CORSAIR VENGEANCE LPX | A SOLUÇÃO IDEAL PARA COMPUTADORES GAMING\r\nA memória Vengeance LPX foi projetada para overclocking de alto desempenho. O dissipador de calor é feito de alumínio puro para dissipação de calor mais rápida e o PCB com oito camadas ajuda a controlar o calor e fornece margem para overclocking superior. Cada IC é blindado individualmente para potencial de desempenho.	\r\n\r\nSSD M.2 WESTERN DIGITAL BLUE SN500 | AVANCE PARA O DESEMPENHO DO NVME™\r\nProjetado para aumentar a velocidade do seu PC em relação a discos rígidos convencionais, a Série TR200 aproveita a avançada flash BiCS de 64 camadas da Toshiba, para oferecer desempenho, fiabilidade e valor bem equilibrados que irão transformar o seu sistema móvel ou desktop.\r\nFONTE DE ALIMENTAÇÃO CORSAIR CX SERIES | CERTIFICAÇÃO 80 PLUS BRONZE\r\nAs fontes de alimentação CX Series proporcionam tecnologias modernas e a eficiência da certificação 80 PLUS Bronze a um preço competitivo. Ela é preta, à semelhança do seu revestimento de cabos e dos seus conectores, com uma ventoinha de 120 mm controlada termicamente. A topologia ressonante LLC com CC para CC garante total compatibilidade com todos os computadores modernos.', 'c58ae90d46a3d0ed91ba636f1d721ac1.png', 2),
(10, 'Computador Desktop PCDIGA Gaming GML-AI59JL9', '999.00', b'0', 'SISTEMA OPERATIVO WINDOWS 10 | O MELHOR WINDOWS DE SEMPRE\r\nO Windows 10 (não incluído de origem nesta configuração) ajuda-o a fazer com que as coisas aconteçam. Obtenha arranques rápidos, um Menu Iniciar familiar mas alargado e excelentes novas formas de concretizar o que pretende, mesmo entre vários dispositivos diferentes. Vai também adorar as funcionalidades inovadoras, como o novo browser desenvolvido para a ação online.\r\n\r\nPROCESSADOR INTEL CORE I5 | PROJETADO PARA OS MELHORES GAMERS DO MUNDO\r\nUsufrua de desempenho excepcional, entretenimento imersivo e conveniência simples com os processadores Intel Core da 9ª Geração. O processador i5 9600K amplia todos os recursos que os utilizadores adoram nos CPUs da geração anterior com inovações ainda mais avançadas que oferecem novos níveis de desempenho que o colocam no seu computador em vários formatos.	\r\n\r\nCAIXA NOX HUMMER FUSION RGB | DESIGN APURADO\r\nA Hummer Fusion leva a iluminação um passo à frente. A sua parte frontal projetada com acabamentos de malha e LEDs RGB com o modo Arco-Íris juntamente com a sua ventoinha traseira RGB são a combinação perfeita para configurar um equipamento atrativo de alto desempenho. Além disso, a sua lateral com vidro temperado oferece uma visão ampla do interior do seu PC e de todos os seus componentes.\r\n\r\nMOTHERBOARD ASUS PRIME Z390-P  | OVERCLOCKING E ARREFECIMENTO COM UM CLIQUE\r\nAs motherboards ASUS Prime Z390 fornecem a base sólida necessária para a sua primeira construção, além de imensas características para fazer crescer a sua ambição. Combinamos todas as coisas boas que são embaladas nos mais recentes processadores Intel® Core™ da 9ª geração com design e engenharia ASUS essenciais, para que você se beneficie das tecnologias líderes do setor	\r\n\r\nPLACA GRÁFICA GEFORCE GTX 1660 SUPER | ARQUITETURA NVIDIA TURING™\r\nA NVIDIA® GeForce® GTX 1660 SUPER™ está equipada com a premiada arquitetura NVIDIA Turing™, trazendo desempenho e gráficos super rápidos para cada jogador e criador. Está na hora de se equipar e obter super poderes.\r\n\r\nMEMÓRIA RAM G.SKILL AEGIS | A SOLUÇÃO IDEAL PARA COMPUTADORES GAMING\r\nAegis simboliza força e poder. Esta adição de memória DDR4 à família AEGIS é projetada para um desempenho melhorado e alta estabilidade nos mais recentes sistemas de jogo para PC. Dê o desempenho de qualidade que a sua plataforma gaming merece. Não importa o jogo. Quer se trate de FPS RTS MOBA ou MMORPG deixe a memória AEGIS Gaming DDR4 ser a força do seu arsenal de jogo!	\r\n\r\nSSD M.2 WESTERN DIGITAL BLUE SN500 | AVANCE PARA O DESEMPENHO DO NVME™\r\nO SSD WD Blue™ SN500 NVMe™ aumenta o desempenho três vezes em relação aos SSDs SATA de topo com uma solução NVMe superior para PCs comuns e de alto desempenho. O SSD WD Blue SN500 NVMe permite que os revendedores, construtores de sistemas e consumidores aproveitem a solução de armazenamento NVMe ao criarem os seus próximos PCs. Disponível  no formato M.2 2280, o SSD WD Blue SN500 NVMe dará aos seus sistemas a aceleração de que você precisa.\r\n\r\nFONTE DE ALIMENTAÇÃO NOX URANO VX | CERTIFICAÇÃO 80 PLUS BRONZE\r\nA eficiência energética desempenha um papel muito importante no desempenho da fonte, é por isso que estas fontes Urano têm certificação 80 PLUS Bronze. Este certificado garante que 85% da energia que obtém da fonte é consumida de forma eficiente, o que garante um funcionamento eficiente. Além disso, os níveis ótimos de ruído e temperatura são mantidos, além de economizar custos de eletricidade.', '86293cb541f94f87cd414a070971af5e.png', 2),
(11, 'Portátil Asus TUF Gaming 15.6\" FX505DY-R5BRXPS1', '599.99', b'0', 'JOIN FORCES\r\nJunte o mais recente processador AMD® Ryzen™ e os gráficos Radeon RX num ecrã NanoEdge de 120Hz, que oferece jogos imersivos e de alto desempenho a um preço acessível. Ele foi testado e certificado para atender aos padrões MIL-STD-810G de nível militar, garantindo a resistência e a durabilidade necessárias para resistir às pancadas e batidas do trabalho e lazer todos os dias.\r\n\r\nASSUMA QUALQUER TAREFA\r\nEste compacto laptop para jogos está bem acima do seu peso. O ASUS TUF Gaming FX505DY está equipado com um GPU Radeon RX para jogos e streaming ao vivo, além de um processador AMD® Ryzen™ que tornam a multitarefa e a produtividade diárias rápidas e eficientes. Com o poder de fogo combinado destes processadores, você está pronto para realizar qualquer tarefa dentro e fora da arena de jogos.\r\n\r\nCERTIFICAÇÃO MILITAR\r\nInfundido com o espírito The Ultimate Force (TUF), o ASUS TUF Gaming FX505DY passou por uma série de rigorosos testes MIL-STD-810G de nível militar, sobrevivendo com sucesso a várias condições, incluindo exposição a radiação solar, alta altitude e temperaturas extremas. É certificado para suportar o uso diário, de batidas acidentais a quedas repentinas numa mesa. Durável e estável, o ASUS TUF Gaming FX505DY foi levado ao limite para garantir apenas o melhor para os jogadores.\r\n\r\nSÓLIDA QUALIDADE DE CONSTRUÇÃO\r\nO ASUS TUF Gaming FX505DY possui vários designs de destaque que exalam resistência e potência. As tampas apresentam um design diferenciado Radiating-X com um acabamento escovado. O design hexagonal na parte inferior do chassi fornece rigidez estrutural adicional, completando as linhas modernas e agressivas do laptop.\r\n\r\nTECNOLOGIA HYPERCOOL MELHORA A DURABILIDADE\r\nA tecnologia HyperCool exclusiva da ASUS consiste no sistema Anti-Dust Cooling (ADC) e no HyperFan para garantir uma refrigeração excepcional durante as maratonas de jogos. A refrigeração também é aprimorada pela tampa de corte trapezoidal patenteada e posicionamento inteligente da ventoinha paralela.\r\n\r\nSOM DTS ENVOLVENTE\r\nA tecnologia DTS Headphone: X™ oferece som surround virtual imersivo de alta fidelidade e 7.1 canais para áudio com qualidade de cinema. Caia nos inimigos com a percepção espacial aprimorada que o som surround oferece ou desfrute das nuances da música em camadas como se estivesse ouvindo no estúdio de gravação.\r\n\r\nProcessador: AMD Ryzen™ 5 3550H Quad-Core, 2.10 GHz com Turbo até 3.70 GHz, 6 MB Cache\r\nSistema Operativo: \r\nSistema Operativo não incluído\r\nPoderá adquirir aqui o seu Sistema Operativo\r\nMemória RAM:\r\n8GB (1x8GB) DDR4 3200MHz\r\n2 x Slots SO-DIMM (1 x livre / 1 x ocupado) p/ expansibilidade total até 32GB\r\nEcrã: 15.6\", Full HD (1920x1080), 16:9, 120Hz, IPS, 250 nits, Anti-Glare, 1000:1, 45% NTSC\r\nPlaca Gráfica: Radeon™ Vega 8 + AMD Radeon RX 560X 4GB GDDR5\r\nArmazenamento: SSD 512GB NVMe M.2\r\nCâmara: 720P HD\r\nComunicações: Wi-Fi 5(802.11ac) 2x2 + Bluetooth 5.0\r\nInterface:\r\n1 x COMBO audio jack\r\n1 x Type-A USB 2.0\r\n2 x Type-A USB 3.2 (Gen 1)\r\n1 x RJ45 LAN\r\n1 x HDMI 2.0\r\nÁudio: \r\nColunas estéreo embutidas de 2 W com microfone\r\nDTS® Headphone: X®\r\nTeclado: Retroiluminado\r\nBateria: 48WHrs, 3S1P, 3-cell Li-ion\r\nDimensões: 36.0(W) x 26.2(D) x 2.50 ~ 2.60(H) cm\r\nPeso: 2.2 kg', 'd6f81429a74fb24614f5d6801a2ff00f.jpg', 3),
(12, 'Portátil Acer Aspire 5 15.6\" A515-52G-704L', '699.00', b'0', 'TODOS OS DIAS EM ESTILO\r\nO design lindamente esbelto aumenta a textura elegante e as superfícies interiores de alumínio lustrosas. Usufrua de imagens e áudio impressionante dentro de um design moderno e atraente. Este, é o Acer Aspire 5.\r\n\r\nIMAGENS BRILHANTES\r\nAs cores nítidas e verdadeiras ganham vida no ecrã com resolução HD de 15,6\" com tecnologia IPS.\r\n\r\nCOMUNICAÇÕES CRISTALINAS\r\nDesfrute de chamadas de vídeo de alta qualidade para familiares e amigos com a câmara HD embutida e o sistema de microfone duplo.\r\n\r\nACER TRUEHARMONY™\r\nCom um som realista, o TrueHarmony™ oferece uma experiência de áudio surpreendentemente clara. O áudio realista melhora o entretenimento com um design que fornece graves mais profundos e mais volume.\r\n\r\nPORTAS PARA TODAS AS OCASIÕES\r\nExpanda a funcionalidade do Aspire 5 com uma infinidade de portas para conectar quase qualquer dispositivo secundário.\r\n\r\n \r\n\r\nSistema Operativo: Boot-up Linux\r\nProcessador: Intel® Core™ i7-8565U Quad-Core, 1.80 GHz com Turbo até 4.60 GHz, 8 MB Cache\r\nMemória RAM: 8GB DDR4\r\nGráfica: Intel® UHD Graphics 620 + NVIDIA® GeForce® MX130 2GB GDDR5\r\nEcrã: 15.6\" HD (1366 x 768) IPS LCD, Anti-Glare, 16:9\r\nArmazenamento: SSD 256GB M.2 2280\r\nInterface:\r\n1 x USB 3.0\r\n2 x USB 2.0\r\n1 x RJ-45\r\n1 x Saída HDMI\r\n1 x USB 3.1 Gen 1 Type-C\r\n3.5mm combo audio jack\r\nLeitor de cartões SD\r\nComunicações: Wireless 802.11ac + Bluetooth® 5.0\r\nWebCam: Sim, HD 1280 x 720\r\nÁudio: Colunas estéreo\r\nBateria: 4 Células\r\nDimensões: 363.4 (W) x 247.5 (D) x 17.95 (H) mm\r\nPeso: 1.8 kg', '980ddc86ffc1d3a1beaa49b4c59c1044.jpg', 3),
(13, 'Portátil Lenovo V330 15.6\" V330-15IKB', '699.99', b'0', 'SIMPLICIDADE PARA EXECUTAR O SEU TRABALHO\r\nValor consciente sem sacrificar o desempenho, o elegante e fiável laptop V330 de 15 polegadas ajuda-o a concentrar-se em gerir um negócio bem sucedido. A poderosa tecnologia Intel® vai mantê-lo a trabalhar de forma produtiva. Otimizado para segurança, flexibilidade e fiabilidade, reduzirá o peso da sua equipe de TI.\r\n\r\nMANTÉM OS DEPARTAMENTOS DE TI TÃO FELIZES QUANTO OS SEUS UTILIZADORES\r\nSimples. Flexível. Compatível. O V330 é fácil de implementar, oferecendo a simplicidade do Windows 10 Pro, a flexibilidade de uma unidade Ultrabay que pode alojar uma unidade óptica ou uma bateria adicional e a compatibilidade de hardware graças a várias portas USB-C e USB 3.0. O V330 também facilita a manutenção de TI. É fiável - como mostrado pela série de testes rigorosos que sofre contra choques, gotas e outros extremos - e seguro, graças ao seu obturador físico da câmara, ao leitor de impressão digital Touch Type e TPM 1.2.\r\n\r\nTRABALHE MELHOR\r\nCom o ecrã panorâmico anti-reflexo com resolução FHD (1920 x 1080), você terá imagens ricas, independentemente do que esteja a fazer. Faça o seu trabalho. Seja criativo. Assista a um filme.\r\n\r\nTRABALHAR EM QUALQUER LUGAR FICOU AGORA MAIS FÁCIL\r\nO teclado ergonómico no V330 foi projetado para conforto e precisão na escrita. O teclado de tamanho completo permite que você crie tarefas, enquanto o touchpad grande torna ainda mais fácil ser produtivo onde quer que esteja - não é necessário um rato.\r\n\r\nNÃO SE ESQUEÇA DE SORRIR\r\nSe você está a encontrar-se com um novo potencial cliente ou com os seus colegas ao redor do mundo, o V330 cuida de uma excelente experiência de videoconferência. As colunas estéreo oferecem um som rico (o que é ótimo para música e filmes também). E a webcam HD garante imagens tão nítidas e claras que você sentirá como se estivesse na mesma sala com os participantes da reunião.\r\n\r\nVÁ EM FRENTE, ESQUEÇA A PASSWORD.\r\nCom um leitor de impressão digital integrado Touch Type, você nunca precisará novamente de se lembrar da sua senha! Basta tocar no scanner de impressões digitais para aceder ao seu V330, ou use seu rosto com o software de reconhecimento facial do Windows Hello e faça o login automaticamente.\r\n\r\n \r\n\r\nProcessador: Intel® Core™ i5-8250U Quad-Core, 1.60 GHz com Turbo até 3.40 GHz, 6 MB Cache\r\nSistema Operativo: Windows 10 Pro, 64 Bits\r\nMemória RAM: 8GB (4GB onboard + 4GB) DDR4\r\nEcrã: 15.6\" FHD 1920x1080, anti-glare, LED backlight, 220 nits, 16:9\r\nPlaca Gráfica: Intel® UHD Graphics 620\r\nArmazenamento: SSD 256GB M.2 PCIe\r\nDrive Óptica: DVD±RW\r\nWebCam: HD 720p com shutter físico\r\nComunicações:\r\nWiFi 1x1 AC + Bluetooth 4.1\r\nGigabit Ethernet\r\nInterfaces:\r\n1 x USB-C (Gen1)\r\n2 x USB 3.0 (One always-on)\r\n1 x VGA\r\n1 x HDMI\r\nLeitor de cartões 4 em 1 (SD, SDHC, SDXC, MMC)\r\nRJ-45\r\nAudio combo jack\r\nÁudio:\r\nColunas estéreo estéreo com Dolby® Audio™\r\nMicrofone digital único integrado\r\nSegurança: Leitor de impressão digital\r\nBateria: 2 Cèlulas (30Wh)\r\nDimensões: 375 mm x 253 mm x 22.3 mm\r\nPeso: 1.7 kg', '8134f66cfb4b114ab143524e16ca6ff2.jpg', 3),
(14, 'Portátil Lenovo Legion Y540 15.6\" Y540-15IRH-434', '949.90', b'0', 'Este elegante portátil de 15,6\" eleva o desempenho dos jogos a um novo patamar. As suas especificações de última geração asseguram uma grande potência. Termicamente otimizado para funcionar a temperaturas mais baixas e de forma mais silenciosa com um teclado de tamanho completo retroiluminado a branco, o Portátil Legion Y540 foi concebido a pensar nos jogadores todo-o-terreno.\r\n\r\nJOGOS COM A QUALIDADE DE UM DESKTOP EM QUALQUER LUGAR\r\nCom um incrível desempenho normalmente só disponível nos desktops, os processadores para portáteis Intel® Core™ de 9.ª geração proporcionam experiências de jogo com a qualidade de um desktop que pode levar para todo o lado.\r\n\r\nOS JOGOS TÊM UM NOVO ASPECTO\r\nOs portáteis para jogos pesadões são uma coisa do passado. Chegou a hora de adotar um equipamento à sua altura: elegante por fora, selvagem por dentro. Com 24 mm de espessura e 2,3 kg, o portátil Legion Y540 foi reformulado para oferecer o equilíbrio ideal entre um desempenho épico nos jogos e a portabilidade prática.\r\n\r\nLEVE OS JOGOS AO LIMITE\r\nCom molduras finas, o Y540 conta com mais de 2 milhões de pixéis num ecrã FHD de 15\" praticamente sem molduras. Com uma taxa de atualização de 144 Hz, 300 nits de luminosidade e um ecrã antirreflexo IPS, este portátil dá vida aos seus jogos favoritos para desfrutar de jogos com uma incrível envolvência em qualquer lugar.\r\n\r\nENTRE NA AÇÃO\r\nO Dolby Atmos® puxa-o para dentro do jogo com som potente e em movimento que o envolve com precisão e realismo impressionantes. Um grande salto em relação ao som Surround, oferece uma vantagem competitiva graças à nova sobreposição Sound Radar. Saiba qual a origem de sons específicos e oiça os sons que aumentam a sua perceção e o envolvem numa experiência de jogo ainda mais intensa.\r\n\r\nCHEGOU O MOMENTO DE ATACAR\r\nOs intensos tiroteios exigem os controlos com a maior capacidade de resposta possível e o teclado do Y540 oferece os melhores controlos para jogos da sua gama para estar em vantagem contra qualquer oponente. Este teclado de tamanho integral e topo de gama conta com teclas WASD gravadas a laser com destaques, com tecnologia que oferece 100% Anti-ghosting, menos de 1 ms de tempo de resposta, retroiluminação a branco e muito mais para controlar o seu sistema na perfeição. Além disso, o Y540 conta com controladores Windows Precision com controlo por gestos para facilitar a interação, quando trabalho ou joga.\r\n\r\nCHEGOU O COLDFRONT\r\nO calor, o grande inimigo do desempenho dos jogos, já não é uma preocupação, graças ao Legion Coldfront. O Coldfront conta com as mais recentes funcionalidades que um sistema térmico de duplo canal pode oferecer, incluindo arrefecimento individual da CPU e da GPU para baixar as temperaturas do sistema, quatro condutas térmicas para melhorar o fluxo de ar, dissipadores de calor dedicados para arrefecer as temperaturas do teclado e 70 lâminas de ventoinha individuais por canal para reduzir o ruído do sistema.\r\n\r\nEXPANDA A SUA VISÃO\r\nPrecisa de ver mais além da sua estação de batalha. O Sistema de suporte de ecrã triplo do Legion utiliza as portas HDMI 2.0, MiniDisplay e Type-C, o que permite que o Y540 se ligue a até três ecrãs em simultâneo para maximizar o envolvimento e o controlo. Além disso, o nosso dashboard de E/S posterior ajuda a gerir os cabos para manter a estação de batalha limpa e organizada para maximizar a atenção no jogo.\r\n\r\nCONECTIVIDADE ATRAVÉS DAS PORTAS TRASEIRAS\r\nO Y540 oferece uma gama completa de portas e conectores práticos para ligar um acessório ou dispositivo externo, ou simplesmente para carregar ou proteger o seu portátil.\r\n\r\nProcessador: Intel® Core™ i5-9300H Quad-Core, 2.40 GHz com Turbo até 4.10 GHz, 8 MB Cache\r\nSistema Operativo:\r\nSistema Operativo não incluído\r\nPoderá adquirir aqui o seu Sistema Operativo\r\nMemória RAM:\r\n8GB (1x8GB) DDR4 2666MHz\r\n2 x Slots SO-DIMM (1 x livre / 1 x ocupado) p/ expansibilidade total até 32GB\r\nEcrã: 15.6\" (396mm) Full HD (1920x1080), anti-glare, LED backlight, IPS, 300 nits, 16:9 aspect ratio, 45%, 144Hz\r\nPlaca Gráfica: Intel® UHD Graphics 630 + NVIDIA GeForce GTX 1650 4GB GDDR5\r\nArmazenamento: \r\nSSD 512GB M.2 2280 PCIe NVMe\r\n1 x Slot 2.5 livre\r\nWebCam: Câmara HD 720p com microfone integrado\r\nComunicações:\r\nWi-Fi 802.11ac 2x2 + Bluetooth 4.2, M.2\r\nLAN 10/100/1000M Gigabit Ethernet\r\nInterfaces:\r\n1 x USB-C\r\n1 x Mini DisplayPort™ 1.4\r\n3 x USB 3.1 Gen 1\r\n1 x HDMI™ 2.0\r\n1 x Ethernet\r\nRanhura para cadeado Kensington®\r\nÁudio combinado\r\nRanhura NOVO\r\nÁudio: Colunas Harman® com Dolby Atmos® para jogos\r\nTeclado: Layout PT, Retroiluminação Branca\r\nBateria: Li-ion de 52.5Wh\r\nDimensões: 365 mm x 260 mm x 25,9 mm\r\nPeso: Apróx. 2.3 kg', '61cb5fc7d5ed43d7134d6ced2f2ec7b5.jpg', 3),
(15, 'Portátil Asus VivoBook 15 A512FB-38BM1SB1', '499.90', b'0', 'Seja no trabalho ou no lazer, o ASUS VivoBook A512 é o laptop compacto que o mergulha no que você deseja fazer. Seu novo monitor NanoEdge sem moldura de quatro lados possui um painel ultra-fino de 5,7 mm, oferecendo uma incrível proporção de 88% de tela para corpo para visuais extremamente imersivos. O novo design da dobradiça ErgoLift também inclina o teclado para uma digitação mais confortável. O VivoBook A512 está equipado com um processador Intel® Core™ com gráficos dedicados NVIDIA® e unidade de armazenamento SSD para ajudá-lo a realizar as tarefas com o máximo de rapidez.\r\n\r\nIMERSÃO ILIMITADA\r\nO VivoBook A512 ultrapassa os limites do que é possível, inspirando você a quebrar novos limites. O novo design NanoEdge de quatro lados sem moldura oferece ao VivoBook A512 um painel quase sem moldura com vastas áreas de ecrã e visuais extremamente imersivos, para trabalhar e divertir-se. Mesmo com a moldura ultrafina, uma câmara HD agradável é acomodada na moldura superior para você fazer videochat com familiares e amigos.\r\n\r\nTAMANHO COMPACTO\r\nO novo ecrã NanoEdge de quatro lados sem moldura mantém as dimensões mínimas, dando ao VivoBook A512 uma pegada consideravelmente menor do que o seu antecessor. Ocupa menos espaço na sua mesa, deixando mais espaço para si.\r\n\r\nTÃO LEVE QUE VAI AONDE VOCÊ FOR\r\nA vida move-se rapidamente e você precisará de um laptop que não o sobrecarregue. O VivoBook A512 possui dimensões compactas e fáceis de viajar e é incrivelmente leve - basta colocá-lo na sua bolsa para uma verdadeira computação em qualquer lugar.\r\n\r\nPERFORMANCE QUE TORNA TUDO POSSÍVEL\r\nO seu futuro é o que você faz dele, e o VivoBook A512 tem as ferramentas para ajudá-lo a cada passo do caminho. Com um processador Intel® Core™ e gráficos dedicados NVIDIA® à sua disposição, você está pronto para o que está por vir, seja multitarefa produtiva, edição multimédia ou jogos casuais. E com o Wi-Fi 5 de banda dupla (802.11ac), você desfrutará de uma experiência on-line super rápida com velocidades de até 867Mbps.\r\n\r\nAMPLAS OPÇÕES DE CONECTIVIDADE\r\nO VivoBook A512 está equipado com a porta reversível USB Type-C™ (USB-C™), apresentando um design que facilita a conexão dos dispositivos o mais fácil possível. Ele também oferece velocidades de transferência de dados até 10x mais rápidas do que as conexões USB 2.0 mais antigas! Existem portas USB 3.1 e USB 2.0, saída HDMI e um leitor de cartão microSD - para que você possa conectar facilmente todos os seus periféricos, monitores e projetores atuais, sem complicações.\r\n\r\nBATERIA PARA TODO O DIA\r\nO VivoBook A512 mantém você activo por mais tempo, graças a uma bateria de polímero de lítio de alta qualidade para computação durante todo o dia. A tecnologia integrada ASUS Battery Health Charging integrada da ASUS ajuda a proteger a sua bateria contra sobrecarga, prolonga a vida útil da bateria e reduz a chance de danos causados pelo inchaço da bateria, mantendo a bateria em perfeitas condições.\r\n\r\nDEFINA UM TOM INSPIRADOR\r\nO ASUS SonicMaster é uma combinação de hardware, software e ajuste de áudio projetada com o objetivo de oferecer a melhor experiência de áudio. Um codec de nível profissional garante codificação e decodificação de áudio precisas; enquanto amplificadores, colunas grandes e câmaras de ressonância perfeitamente adequadas ao VivoBook A512 garantem uma poderosa saída de áudio e graves mais profundos. O processamento e o ajuste adicionais do sinal ajudam a refinar detalhes minuciosos, filtrar o ruído e melhorar a clareza do áudio para obter um som realmente imersivo.\r\n\r\nProcessador: Intel® Core™ i3-8145U Dual-Core, 2.10 GHz com Turbo até 3.90 GHz, 4 MB Cache\r\nSistema Operativo: Windows 10 Home, 64 Bits\r\nMemória RAM: \r\n4 GB DDR4 2400MHz SDRAM Onboard\r\n1 x Slot SO-DIMM (livre)\r\nEcrã: 15.6\" 200nits HD 1366x768 16:9 Anti-Glare NTSC: 45%\r\nPlaca Gráfica: Intel® UHD Graphics 620 + NVIDIA GeForce MX110 2GB GDDR5\r\nArmazenamento: \r\nSSD 512GB PCIEG3x2 NVMe M.2\r\n1 x Slot 2.5\" SATA (livre)\r\nWebCam: Câmara HD\r\nComunicações: Wi-Fi 5 (802.11ac) + Bluetooth 4.1 (Dual band) 1x1\r\nInterface:\r\n1 x COMBO audio jack\r\n1 x Type-A USB 3.1 (Gen 1)\r\n1 x Type-C USB 3.0 (USB 3.1 Gen 1)\r\n2 x USB 2.0 Type A\r\n1 x HDMI\r\n1 x Leitor de cartões micro SD\r\nÁudio: Tecnologia ASUS SonicMaster\r\nBateria: 37WHrs, 2S1P, 2-cell Li-ion\r\nDimensões: 1.8cm x 32.24cm x 21.17cm\r\nPeso: 1.75 kg', '81536cb7bd5b5949f526faaf38458d7e.jpg', 3),
(16, 'Processador Intel Core i9-9900K Octa-Core 3.6GHz c', '497.90', b'0', 'PROJETADO PARA OS MELHORES GAMERS DO MUNDO\r\nUsufrua de desempenho excepcional, entretenimento imersivo e conveniência simples com os processadores Intel Core da 9ª Geração. O processador i9 9900K amplia todos os recursos que os utilizadores adoram nos CPUs da geração anterior com inovações ainda mais avançadas que oferecem novos níveis de desempenho que o colocam no seu computador em vários formatos. O i9 9900K apresenta todas as mais recentes tecnologias da Intel para permitir que você tenha a melhor experiência em computação, e este CPU em particular é desbloqueado, permitindo que você faça overclock para capacidade adicional em jogos ou de produção.\r\n\r\nJOGUE, FAÇA STREAM E GRAVE SEM COMPROMISSO.\r\nOs processadores Intel Core da 9ª Geração redefinem o desempenho do PC desktop convencional. O i9 9900K possui oito núcleos para maior capacidade de processamento e multitarefa sem esforço. O recurso Desbloqueado neste chip permite overclocking, permitindo ajustar o desempenho. A tecnologia Intel Turbo Boost 2.0 também aumentou a frequência turbo máxima de 5,0 GHz e até 16 MB de memória cache para uma jogabilidade e resposta ultra-suaves. O processador da 9ª geração i9 permite-lhe desfrutar de excelentes jogos e experiências de VR.\r\n\r\nFAÇA STREAM E JOGUE EM 4K UHD\r\nOs computadores desktop baseados nos processadores Intel Core da 9ª Geração integram tecnologias avançadas que trazem conteúdo premium de alta qualidade para o seu desktop para oferecer streaming suave de entretenimento 4K UHD premium para o seu PC.\r\n\r\nSocket: LGA 1151\r\nFrequência Base: 3.60 GHz\r\nFrequência Turbo: Até 5.00 GHz\r\nNúmero Núcleos: 8\r\nNúmero Threads: 16\r\nCache: 16 MB\r\nGráficos Integrados: Intel® UHD Graphics 630\r\nLitografia: 14 nm\r\nTDP: 95 W', 'e18fbb6530c5ac5565ff4ad409c23820.jpg', 5),
(17, 'Processador Intel Core i5-8600K Hexa-Core 3.6GHz c', '277.00', b'0', 'A 8ª Geração da família de processadores desktop Intel Core foi projetada para o futuro. Usufrua de um desempenho excepcional, entretenimento imersivo e conveniência simples.\r\n\r\nJOGOS PODEROSOS, FLUIDOS E VÍVIDOS.\r\nOs jogadores vão divertir-se na experiência mais poderosa e fluida nos jogos. Em comparação com o 7º Geração Intel Core, os jogadores podem ganhar até 25% mais frames por segundo em jogos populares e poderosos.\r\n\r\nCRIAÇÃO DE CONTEÚDO AVANÇADO\r\nEconomize tempo e crie mais. A 8ª Geração da família de processadores desktop Intel Core posiciona a Intel como a escolha para velocidade, precisão, potência, compatibilidade de formatos e criação e consumo de gráficos de alta qualidade. Edite vídeos 4K de 360 graus com facilidade - até 32% mais rápidos em comparação com a geração anterior - além disso, edite o conteúdo até 65% mais rápido em comparação com um PC de 3 anos.\r\n\r\nPLATAFORMA MELHORADA\r\nFornece uma melhor entrega de energia necessária para os processadores da 8ª Geração Intel Core, para alcançar o seu desempenho máximo, bem como a entrega aprimorada de energia para overclock e suporte de roteamento de memória.\r\n\r\nSocket: LGA 1151\r\nFrequência Base: 3.60 GHz\r\nFrequência Turbo: Até 4.30 GHz\r\nNúmero Núcleos: 6\r\nNúmero Threads: 6\r\nCache: 9 MB\r\nGráficos Integrados: Intel® UHD Graphics 630\r\nLitografia: 14 nm\r\nTDP: 95 W', '5100ce87dd3000c8c32c3b88b64c10ca.jpg', 5),
(18, 'Processador AMD Ryzen 7 3700X Octa-Core 3.6GHz c/ ', '348.70', b'0', 'DEFININDO O PADRÃO PARA O ALTO DESEMPENHO\r\nA arquitetura “Zen 2” do núcleo de alto desempenho da AMD permite que os Processadores de 3ª geração Ryzen™ ofereçam o mais alto desempenho para uma ou múltiplas linha(s) de execução e de qualquer Processador de desktop convencional. Tanto para gamers quanto para os criadores de conteúdo, este desempenho foi criado essencialmente para ajudá-lo a vencer.\r\n\r\nDESEMPENHO E EFICIÊNNCIA PARA APLICATIVOS DE ÚLTIMA GERAÇÃO\r\nComputação em nuvem, produtividade corporativa, experiências visuais impressionantes, jogos e streaming exigem cada vez mais desempenho de computação com eficiência energética ideal. Desde o início, os engenheiros da AMD projetaram o novo núcleo “Zen 2” para atender a essas exigências com mais rendimento por núcleo, caches maiores e recursos poderosos de múltiplas linhas de execução.\r\n\r\nALIMENTADO PELA PLATAFORMA AM4\r\nA plataforma AM4 da AMD põe a compatibilidade sem complicações na frente e no centro. O processador AMD de 1331 pinos suporta muitas gerações de Processadores Desktops AMD Ryzen™ e funciona com as mais recentes tecnologias entusiastas: PCIe® 4.0, NVMe, SuperSpeed USB 10Gbps, RAID e muito mais.\r\n\r\nCONSTRUÍDOS COM A TECNOLOGIA AMD SENSEMI\r\nA tecnologia SenseMI da AMD é um conjunto de recursos de aprendizagem e adaptação que ajuda os processadores AMD Ryzen™ a personalizarem o desempenho de acordo com o seu perfil e as suas aplicações, graças à verdadeira aprendizagem automática. Finalmente: o desempenho que pensa.\r\n\r\nSolução térmica: Wraith Prism com LED RGB\r\nSocket: AM4\r\nFrequência Base: 3.60 GHz\r\nFrequência Turbo: Até 4.4 GHz\r\nNúmero Núcleos: 8\r\nNúmero Threads: 16\r\nCache L2 total: 4 MB\r\nCache L3 total: 32 MB\r\nLitografia: TSMC 7nm FinFET\r\nTDP: 65 W', 'fcd42e44f8f2054f0151e1e992a371e0.jpg', 5),
(19, 'Processador AMD Ryzen 5 3600X Hexa-Core 3.8GHz c/ ', '263.00', b'0', 'DEFININDO O PADRÃO PARA O ALTO DESEMPENHO\r\nA arquitetura “Zen 2” do núcleo de alto desempenho da AMD permite que os Processadores de 3ª geração Ryzen™ ofereçam o mais alto desempenho para uma ou múltiplas linha(s) de execução e de qualquer Processador de desktop convencional. Tanto para gamers quanto para os criadores de conteúdo, este desempenho foi criado essencialmente para ajudá-lo a vencer.\r\n\r\nDESEMPENHO E EFICIÊNNCIA PARA APLICATIVOS DE ÚLTIMA GERAÇÃO\r\nComputação em nuvem, produtividade corporativa, experiências visuais impressionantes, jogos e streaming exigem cada vez mais desempenho de computação com eficiência energética ideal. Desde o início, os engenheiros da AMD projetaram o novo núcleo “Zen 2” para atender a essas exigências com mais rendimento por núcleo, caches maiores e recursos poderosos de múltiplas linhas de execução.\r\n\r\nALIMENTADO PELA PLATAFORMA AM4\r\nA plataforma AM4 da AMD põe a compatibilidade sem complicações na frente e no centro. O processador AMD de 1331 pinos suporta muitas gerações de Processadores Desktops AMD Ryzen™ e funciona com as mais recentes tecnologias entusiastas: PCIe® 4.0, NVMe, SuperSpeed USB 10Gbps, RAID e muito mais.\r\n\r\nCONSTRUÍDOS COM A TECNOLOGIA AMD SENSEMI\r\nA tecnologia SenseMI da AMD é um conjunto de recursos de aprendizagem e adaptação que ajuda os processadores AMD Ryzen™ a personalizarem o desempenho de acordo com o seu perfil e as suas aplicações, graças à verdadeira aprendizagem automática. Finalmente: o desempenho que pensa.\r\n\r\nSolução térmica: Wraith Stealth\r\nSocket: AM4\r\nFrequência Base: 3.80 GHz\r\nFrequência Turbo: Até 4.4 GHz\r\nNúmero Núcleos: 6\r\nNúmero Threads: 12\r\nCache L2 total: 3 MB\r\nCache L3 total: 32 MB\r\nLitografia: TSMC 7nm FinFET\r\nTDP: 95 W\r\n', '5839f8ef97405e26d716da14f14ac094.jpg', 5),
(20, 'Placa Gráfica Zotac Gaming GeForce RTX 2060 SUPER ', '483.00', b'0', 'A NVIDIA® GeForce® RTX 2060 SUPER™ está equipada com a premiada arquitetura NVIDIA Turing™, trazendo desempenho e gráficos super rápidos para cada jogador e criador. Está na hora de se equipar e obter super poderes.\r\n\r\nARQUITETURA NVIDIA TURING\r\nA NVIDIA Turing - a arquitetura de GPU mais avançada do mundo - funde os shaders da próxima geração com o ray tracing em tempo real e todos os novos recursos de inteligência artificial. Esta nova capacidade gráfica híbrida representa o maior salto de geração em GPUs para gaming, oferecendo até 6X mais desempenho do que os GPUs NVIDIA Pascal™ anteriores da série 10.\r\n\r\nNÚCLEOS RT\r\nO hardware de ray tracing dedicado permite um ray tracing em tempo real, rápido e com sombras fisicamente precisas, reflexões, refrações e iluminação global.\r\n\r\nNÚCLEOS TENSOR\r\nA inteligência artificial está a impulsionar o maior avanço tecnológico da história, e a arquitetura NVIDIA Turing está a elevar isso para a computação gráfica. Usufrua da potência de processamento AI que acelera o desempenho dos jogos com o NVIDIA DLSS.\r\n\r\nSOMBRAS NEXT-GEN\r\nO Variable Rate Shading concentra o poder de processamento em áreas de detalhes ricos, aumentando o desempenho geral sem afetar a qualidade de imagem. O processamento avançado de geometria do Shader suporta uma ordem de magnitude de mais objetos por cena, permitindo a criação de ricos mundos complexos.\r\n\r\nPROCESSAMENTO CONCORRENTE\r\nProcessamento simultâneo de ponto flutuante e inteiro permite que as GPUs Turing processem com mais eficiência as pesadas cargas de trabalho de computação dos jogos modernos.\r\n\r\nTECNOLOGIA RAY TRACING E MEMÓRIA GDDR6\r\nA GeForce RTX oferece tecnologias verdadeiramente exclusivas de real-time ray tracing para gráficos de ponta e hiper-realistas. Isso significa que a RTX está anos-luz à frente de outras placas e oferece a experiência de jogo mais realista de todos os tempos. As placas RTX também são as primeiras placas gráficas a apresentar memória GDDR6.\r\n\r\nGEFORCE EXPERIENCE\r\nCapta e partilha vídeos, capturas de ecrã e livestreams com amigos. Mantém os controladores atualizados e otimiza as definições de jogo. O GeForce Experience™ permite-te fazer tudo. É o companheiro fundamental da tua placa gráfica GeForce.\r\n\r\nCONTROLADORES GAME READY\r\nObtém os níveis mais elevados de desempenho e a experiência mais suave possível, desde o momento em que começas a jogar.\r\n\r\nNVIDIA SHADOWPLAY™\r\nGrava e partilha vídeos de jogo, capturas de ecrã e livestreams de alta qualidade com os teus amigos.\r\n\r\nNVIDIA ANSEL\r\nTransforma as tuas capturas de ecrã em obras de arte com este poderoso modo de fotografia no jogo que capta fotografias 360, HDR e com elevada resolução\r\n\r\nREALIDADE VIRTUAL\r\nAo combinar a composição (rendering) de VR avançada, o ray-tracing em tempo real e a IA, a GeForce RTX levará a VR para um novo nível de realismo.\r\n\r\nNVIDIA G-SYNC™ E HDR\r\nDesfruta de uma experiência de jogo suave e sem \"tearing\", a taxas de atualização de até 240 Hz, com HDR e muito mais. Este é o derradeiro ecrã de gaming e o equipamento de eleição para os entusiastas de jogos.\r\n\r\nDIRECTX 12\r\nProporciona novos efeitos visuais e técnicas de composição (rendering) para uma experiência de jogo mais realista.\r\n\r\n4K\r\nEntra na derradeira experiência de jogo 4K com a GeForce RTX e desfruta dos grandes jogos da atualidade com detalhes fantásticos.\r\n\r\nMotor Gráfico: NVIDIA® GeForce® RTX 2060 SUPER\r\nBus: PCI Express x16 3.0\r\nClock GPU: Base: 1470 MHz, Boost: 1710 MHz\r\nClock de Memória: 14000 MHz\r\nNúcleos CUDA: 2176\r\nMemória: 8GB GDDR6\r\nInterface de Memória: 256 Bits\r\nInterface I/O:\r\n3 x DisplayPort (v1.4)\r\n1 x HDMI 2.0b\r\nSuporte HDCP 2.2\r\nVersão DirectX: 12\r\nVersão OpenGL: 4.5\r\nDimensões do produto: 308mm x 113mm x 57mm', '42d69faf4015a329797b5c9f42839542.jpg', 6);
INSERT INTO `product` (`id`, `product_name`, `unit_price`, `is_discontinued`, `description`, `product_image`, `id_category`) VALUES
(21, 'Placa Gráfica MSI GeForce RTX 2060 Ventus 6G OC', '382.90', b'0', 'ARQUITETURA NVIDIA TURING™\r\nA arquitetura revolucionária combina a nova plataforma GeForce RTX™ com o ray tracing em tempo real, a inteligência artificial e o shading programável. Nunca criou ou gostou tanto de jogos como agora.\r\n\r\nRAY TRACING EM TEMPO REAL EM QUALQUER JOGO\r\nO ray tracing é a solução definitiva para iluminação, reflexos e sombras realistas, oferecendo um nível de realismo muito além do que é possível utilizando técnicas tradicionais de rendering. A NVIDIA Turing ™ é a primeira GPU a ter ray tracing em tempo real.\r\n\r\nDESEMPENHO\r\nAs GPUs de jogos GeForce RTX™ trazem a memória GDDR6 de próxima geração, suporte para recursos do DirectX 12 e muito mais. Isto é a reinvenção dos gráficos.\r\n\r\nDESIGN PREMIUM\r\nUm novo design de ventoinhas duplas, o VENTUS exibe as suas formas industriais em cores neutras, a fim de se adaptar a qualquer construção.\r\n\r\nROLAMENTO DOUBLE BALL \r\nOs rolamentos double ball personalizam as ventoinhas da MSI e dão-lhe um aspeto forte e duradouro que dura anos. Eles permanecem em silêncio, enquanto estão a girar sob carga, mantendo a placa gráfica refrigerada durante demoradas sessões de jogo.\r\n\r\nPROJETADA PARA MAIS PRESSÃO ESTÁTICA\r\nEm comparação com designs de ventoinhas mais genéricas, as ventoinhas VENTUS utilizam mais pás, com uma curva exclusiva para aumentar a dissipação de calor, gerando assim uma pressão de ar mais concentrada.?\r\n\r\nSMOOTH HEAT PIPES \r\nOs tubos de calor de cobre, de até 6 mm de espessura, têm uma forma quadrada suave na parte inferior, de forma a maximizar a transferência de calor da superfície da placa de base de cobre.\r\n\r\nBASEPLATE SÓLIDA \r\nPara controlar o calor gerado por uma GPU potente, as placas gráficas da MSI usam uma placa de base sólida de cobre niquelado. A placa de base absorve o calor da GPU e transfere-o para os tubos de calor, onde se dissipa.\r\n\r\nCOMPOSTO TÉRMICO PREMIUM \r\nCada detalhe conta quando se trata de criar o design térmico final, e é por isso que a VENTUS usa um composto térmico premium para garantir que sobrevive à concorrência.\r\n\r\nRESISTENTE \r\nA robusta fita anti bending conectada ao dissipador de calor torna a placa extremamente rígida enquanto ajuda ativamente a mantê-la refrigerada.\r\n\r\n \r\n\r\nMotor Gráfico: NVIDIA® GeForce® RTX 2060\r\nBus: PCI Express x16 3.0\r\nNúcleos CUDA: 1920\r\nClock GPU: Boost: 1710 MHz\r\nClock Memória: 14 Gbps\r\nMemória: 6GB GDDR6\r\nInterface de Memória: 192 Bits\r\nInterface I/O:\r\n3 x DisplayPort (v1.4)\r\n1 x HDMI 2.0b\r\nSuporte HDCP 2.2\r\nVersão DirectX: 12\r\nVersão OpenGL: 4.5\r\nDimensões do produto: 226 x 128 x 41 mm\r\nPeso do produto: 764 g', 'caf803edb9d89a215d6e46f3099def5b.jpg', 6),
(22, 'Placa Gráfica Gigabyte GeForce GTX 1650 SUPER Wind', '182.90', b'0', 'A GeForce GTX 1650 SUPER é até 50% mais rápida que a original GTX 1650 e até 2X mais rápida que a geração anterior GTX 1050. Alimentada pela premiada arquitetura NVIDIA Turing™ e pela ultra-rápida memória GDDR6, é um supercharger para os jogos mais populares de hoje. Hora de se preparar e ficar SUPER.\r\n\r\n\r\nSHADERS TURING\r\nApresentando execução simultânea de operações de ponto flutuante e número inteiro, tecnologia de sombreamento adaptável e uma nova arquitetura de memória unificada com o dobro da cache da sua antecessora, os shaders Turing permitem aumentos incríveis de desempenho nos jogos de hoje. Obtenha 1,4X da eficiência de energia em relação à geração anterior para uma experiência de jogo mais rápida, mais fresca e silenciosa.\r\n\r\nGEFORCE EXPERIENCE\r\nCapta e partilha vídeos, capturas de ecrã e livestreams com amigos. Mantém os controladores atualizados e otimiza as definições de jogo. O GeForce Experience™ permite-te fazer tudo. É o companheiro fundamental da tua placa gráfica GeForce.\r\n\r\nNVIDIA ANSEL\r\nTransforma as tuas capturas de ecrã em obras de arte com este poderoso modo de fotografia no jogo que capta fotografias 360, HDR e com elevada resolução\r\n\r\nBROADCAST LIKE A PRO\r\nO melhor de dois mundos. A GeForce GTX® 1650 SUPER™ possui um codificador de hardware dedicado que liberta a capacidade de jogar e transmitir simultaneamente com qualidade superior. As placas gráficas SUPER são otimizadas para os seus aplicativos de streaming favoritos para fornecer o máximo desempenho para a sua transmissão ao vivo.\r\n\r\nDIRECTX 12\r\nProporciona novos efeitos visuais e técnicas de composição (rendering) para uma experiência de jogo mais realista.\r\n\r\nMotor Gráfico: NVIDIA® GeForce® GTX 1650 SUPER\r\nBus: PCI Express x16 3.0\r\nClock GPU: TBD\r\nClock de Memória: 12 Gbps\r\nNúcleos CUDA: 1280\r\nMemória: 4GB GDDR6\r\nInterface de Memória: 128 Bits\r\nInterface I/O:\r\n1 x DisplayPort (v1.4)\r\n1 x HDMI 2.0b\r\n1 x DVI-D\r\nSuporte HDCP 2.2\r\nVersão DirectX: 12\r\nVersão OpenGL: 4.6\r\nDimensões do produto: 248 x 127 x 44 mm\r\nPeso do produto: 742 g', '3b651bb293cf469b47bfe231ac3835f6.jpg', 6),
(23, 'Placa Gráfica MSI GeForce RTX 2070 Gaming Z 8G', '599.90', b'0', 'ARQUITETURA NVIDIA TURING™ \r\nA arquitetura revolucionária combina a nova plataforma GeForce RTX™ com o ray tracing em tempo real, a inteligência artificial e o shading programável. Nunca criou ou gostou tanto de jogos como agora.\r\n\r\nRAY TRACING EM TEMPO REAL EM QUALQUER JOGO\r\nO ray tracing é a solução definitiva para iluminação, reflexos e sombras realistas, oferecendo um nível de realismo muito além do que é possível utilizando técnicas tradicionais de rendering. A NVIDIA Turing ™ é a primeira GPU a ter ray tracing em tempo real.\r\n\r\nDESEMPENHO \r\nAs GPUs de jogos GeForce RTX™ trazem a memória GDDR6 de próxima geração, suporte para recursos do DirectX 12 e muito mais. Isto é a reinvenção dos gráficos.\r\n\r\nPLAY HARD STAY SILENT\r\nO tão esperado regresso da icónica série GAMING de duas ventoinhas da MSI. Combina o preto e o bronze com uma placa traseira de metal elegante, esta obra-prima fornece design premium com efeitos de luz RGB magníficos e suaves. O novo MSI GAMING card foi desenhado para surpreendê-lo!\r\n\r\nDESIGN TÉRMICO TWIN FROZR 7\r\nA 7ª geração do famoso MSI TWIN FROZR Thermal Design traz a mais avançada tecnologia para o máximo desempenho de arrefecimento. O novo TORX FAN 3.0 combina talentos aerodinâmicos inovadores, o que significa desempenho estável e uma experiência silenciosa garantida, graças às baixas temperaturas.\r\n\r\nEXPERIÊNCIA\r\nObtenha o máximo da sua placa gráfica MSI em termos de desempenho e experimente opções de personalização quase ilimitadas com o software incluído.\r\n\r\n \r\n\r\nMotor Gráfico: NVIDIA® GeForce® RTX 2070\r\nBus: PCI Express x16 3.0\r\nNúcleos CUDA: 2304\r\nClock GPU: 1830 MHz / 1410 MHz\r\nVelocidade Memória: 14 Gbps\r\nMemória: 8GB GDDR6\r\nInterface de Memória: 256 Bits\r\nInterface I/O:\r\n3 x DisplayPort (v1.4)\r\n1 x HDMI 2.0b\r\n1 x USB Type-C\r\nSuporte HDCP 2.2\r\nVersão DirectX: 12\r\nVersão OpenGL: 4.5\r\nDimensões do produto: 307 x 155 x 50 mm\r\nPeso do produto: 1485 g', '3bd96930109f411ae5202438cde46c29.jpg', 6),
(24, 'Placa Gráfica Gigabyte Radeon RX 5700 XT 8GB', '439.90', b'0', 'Grandes experiências de jogos são criadas ao quebrar as regras. A RDNA totalmente nova é alimentada pela Radeon RX 5700 Series para oferecer um desempenho excepcional e jogos de alta fidelidade. Assuma o controlo com a Radeon RX 5700 Series e usufrua de jogos poderosos e acelerados personalizados para si.\r\n\r\nA NOVA ARQUITETURA DE JOGOS RDNA\r\nO Radeon RX 5700 XT possui novas unidades de computação, novas instruções mais adequadas para efeitos visuais e hierarquia de cache multiníveis para uma latência extremamente reduzida e jogos altamente dinâmicos.\r\n\r\nJOGO COM FIDELIDADE ACELERADA\r\nA arquitetura RDNA de alto desempenho foi planeada para aprimorar recursos como o Radeon Image Sharpening, FidelityFX e tecnologias VR para máximo desempenho e experiências de jogos para deixá-lo queixo caído.\r\n\r\nDINÂMICA DE JOGOS IMERSIVOS\r\nObtenha vantagem competitiva com lag de entrada drasticamente reduzido com o Radeon Anti-Lag, obtenha jogos sem tremulação e sem falhas com a tecnologia AMD Radeon FreeSync, e o mais recente Software Radeon para uma experiência de jogo incrivelmente dinâmica e insanamente imersiva.\r\n\r\nO NOVO DNA DE JOGOS\r\nA arquitetura RDNA foi planeada para a próxima geração de jogos de alto desempenho. É o DNA que alimenta os seus jogos, o DNA que faz os seus jogos terem vida.\r\n\r\nMAIS DESEMPENHO, MENOS ENERGIA.\r\nCom eficiência energética, a Radeon RX 5700 Series fornece mais desempenho enquanto consome menos energia do que seu processador.\r\n\r\nMEMÓRIA GDDR6 PARA JOGOS AVANÇADOS\r\nEquipada com 8GB de memória GDDR6 avançada para proporcionar uma largura de banda alta de até 448GB/s, permite um desempenho em 1440p para os jogos atuais mais exigentes.\r\n\r\nPREPARADA COM MAIS LARGURA DE BANDA\r\nA Radeon RX 5700 Series possui compatibilidade com PCI Express 4.0, com uma produtividade de 16 GT/s e ativa o dobro de largura de banda comparado com o PCI Express 3.0. Prepare-se para a próxima geração de jogos para PC.\r\n\r\nJOGO COM FIDELIDADE ACELERADA\r\nA Radeon RX 5700 Series aproveita a arquitetura RDNA para alimentar jogos imersivos com explosões, física e efeitos de luz, dando vida ao realismo.\r\n\r\nTECNOLOGIA DE APERFEIÇOAMENTO INTELIGENTE\r\nO Radeon Image Sharpening combina aperfeiçoamento de contraste adaptativo com uma exclusiva GPU para fornecer visuais de aparência nítida com praticamente nenhum impacto no desempenho.\r\n\r\nMotor Gráfico: AMD Radeon RX 5700 XT\r\nBus: PCI Express 4.0\r\nMemória: 8GB GDDR6\r\nClock GPU: \r\nBase Clock: 1605 MHz\r\nGame Clock: 1755 MHz\r\nBoost Clock: Até 1905 MHz\r\nStream Processors: 2560\r\nClock de Memória: 14 Gbps\r\nInterface de Memória: 256 Bits\r\nInterface:\r\n3 x DisplayPort 1.4\r\n1 x HDMI\r\nSuporte HDCP: Sim\r\nDimensões do Produto: 270 (L) x 110 (W) x 40 (H) mm', 'b260a734aa7f3a5bdad8271d08881acf.jpg', 6),
(25, 'Placa Gráfica Gigabyte GeForce RTX 2080 Ti Windfor', '1249.90', b'0', 'A GeForce RTX proporciona uma experiência de jogo de PC completamente renovada. Com o design de GPU NVIDIA Turing e a inovadora plataforma RTX, as placas gráficas RTX combinam real-time ray tracing, inteligência artificial e sombreamento programável. Apresentando TBD GPU boost e clock de memória em modo OC, oferece excelente desempenho em jogos.\r\n\r\nARQUITETURA DE GPU NVIDIA TURING - DESEMPENHO ATÉ 6 VEZES MAIS RÁPIDO\r\nOs GPUs RTX são alimentados pela arquitetura Turing, o que proporciona um desempenho 6x mais rápido do que as placas gráficas de geração anterior. Turing usa um novo processo de fabricação de 12nm e também traz o poder do real-time ray tracing e inteligência artificial para os seus jogos.\r\n\r\nTECNOLOGIA RAY TRACING E MEMÓRIA GDDR6\r\nA GeForce RTX oferece tecnologias verdadeiramente exclusivas de real-time ray tracing para gráficos de ponta e hiper-realistas. Isso significa que a RTX está anos-luz à frente de outras placas e oferece a experiência de jogo mais realista de todos os tempos. As placas RTX também são as primeiras placas gráficas a apresentar memória GDDR6.\r\n\r\nGEFORCE EXPERIENCE\r\nCapta e partilha vídeos, capturas de ecrã e livestreams com amigos. Mantém os controladores atualizados e otimiza as definições de jogo. O GeForce Experience™ permite-te fazer tudo. É o companheiro fundamental da tua placa gráfica GeForce.\r\n\r\nCONTROLADORES GAME READY\r\nObtém os níveis mais elevados de desempenho e a experiência mais suave possível, desde o momento em que começas a jogar.\r\n\r\nNVIDIA SHADOWPLAY™\r\nGrava e partilha vídeos de jogo, capturas de ecrã e livestreams de alta qualidade com os teus amigos.\r\n\r\nNVIDIA ANSEL\r\nTransforma as tuas capturas de ecrã em obras de arte com este poderoso modo de fotografia no jogo que capta fotografias 360, HDR e com elevada resolução\r\n\r\nREALIDADE VIRTUAL\r\nAo combinar a composição (rendering) de VR avançada, o ray-tracing em tempo real e a IA, a GeForce RTX levará a VR para um novo nível de realismo.\r\n\r\nNVIDIA G-SYNC™ E HDR\r\nDesfruta de uma experiência de jogo suave e sem \"tearing\", a taxas de atualização de até 240 Hz, com HDR e muito mais. Este é o derradeiro ecrã de gaming e o equipamento de eleição para os entusiastas de jogos.\r\n\r\nDIRECTX 12\r\nProporciona novos efeitos visuais e técnicas de composição (rendering) para uma experiência de jogo mais realista.\r\n\r\n4K\r\nEntra na derradeira experiência de jogo 4K com a GeForce RTX e desfruta dos grandes jogos da atualidade com detalhes fantásticos.\r\n\r\n \r\n\r\nMotor Gráfico: NVIDIA® GeForce® RTX 2080 Ti\r\nBus: PCI Express x16 3.0\r\nNúcleos CUDA: 4352\r\nMemória: 11GB GDDR6\r\nInterface de Memória: 352 Bits\r\nInterface I/O:\r\n3 x DisplayPort (v1.4)\r\n1 x HDMI 2.0b\r\n1 x USB Type-C\r\nSuporte HDCP 2.2\r\nVersão DirectX: 12\r\nVersão OpenGL: 4.5', '7eac432b94f73afe4566c6e4d759e0d9.png', 6),
(26, 'Rato Óptico Gembird USB Preto', '4.90', b'0', 'Rato óptico com fio da Gembird com um design compacto e confortável.\r\n\r\nEspecificações:\r\nResolução: 400/ 800/ 1200/ 1600 DPI\r\nSensor: Óptico\r\nBotões: 6\r\nInterface: USB\r\nComprimento do cabo: 1.35 m\r\nDimensões: 110 x 68 x 38 mm\r\nPeso: 74 g', '084a543d2239f695df4c50f196d55613.jpg', 9),
(27, 'Rato Óptico Logitech Wireless M171 1000DPI Preto/P', '11.90', b'0', 'CONEXÃO FIÁVEL SEM FIO 2.4GHZ\r\nConexão estável com alcance de até 10 metros. Praticamente sem demoras ou quedas, para você trabalhar com confiança. Testado até 10 metros, o alcance pode variar um pouco dependendo das condições do seu computador e do ambiente.\r\n\r\nATÉ 12 MESES DE AUTONOMIA\r\nUtilize por até um ano sem precisar de trocar a bateria. Para aumentar a duração da bateria, deixe o Botão ligar/desligar como desligado, quando não estiver em uso. A duração da bateria pode variar um pouco dependendo das condições do computador e de como você usa o rato.\r\n\r\nCONEXÃO PLUG-AND-PLAY\r\nCom o rato sem fio M170, é realmente só ligar e usar. Basta inserir o receptor numa porta USB do seu computador e começar a usar o rato. Não precisa parear o rato ou fazer o download de software para começar a usá-lo.\r\n\r\nCONFORTÁVEL E PORTÁTIL\r\nO formato do rato adapta-se à sua mão, proporcionando horas de uso confortável. O formato ambidestro e o recurso de reatribuir as funções direita e esquerda dos botões fazem com que sejam os ratos ideais para usar tanto com a mão direita quanto com a esquerda.\r\n\r\n \r\n\r\nEspecificações:\r\nSensor: Óptico\r\nResolução: 1000DPI\r\nTipo conexão: 2.4 Ghz wireless\r\nAlcance wireless: Até 10 metros\r\nTipo bateria: 1 x AA\r\nAutonomia: Até 12 meses\r\nDimensões do produto: 97.7 mm x 61.5 mm x 35.2 mm\r\nPeso do produto: 70.5 g\r\n\r\nConteúdo da Embalagem:\r\nRato\r\nReceptor\r\nDocumentação do utilizador', 'c82a7d21888c326392b0ff8e36a3d217.jpg', 9),
(28, 'Rato Logitech Gaming G203 Prodigy', '31.90', b'0', 'DESEMPENHO DE NÍVEL DE JOGADORES PROFISSIONAIS\r\nO G203 Prodigy comunica-se em até 1000 transmissões por segundo, 8 vezes mais rápido que os mouses padrão. Significa que, quando o rato é movido ou se clica nele, a resposta no ecrã é praticamente instantânea.\r\n\r\nDESIGN CLÁSSICO\r\nAssim como o Logitech G Pro Gaming Mouse, o G203 é inspirado no design clássico do lendário Logitech G100S Gaming. Usado por jogadores de todo o mundo e sendo o favorito dos profissionais de eSports, tem um design familiar que reprojetado e otimizado de dentro para fora para garantir versatilidade, durabilidade e conforto para o uso diário.\r\n\r\nSENSOR COM TECNOLOGIA DE PONTA\r\nJogue com todo o seu potencial e torne-se mais preciso do que nunca. O G203 conta com uma novo sensor de 200 a 6000 DPI que oferece precisão incrível, velocidade de rastreamento e consistência. Isso lhe oferece um melhor controlo, não importando o seu estilo de jogo. A consistência e a precisão do sensor indicam que você poderá começar a treinar os seus músculos com o tato, e não apenas com a visão.\r\n\r\nLUZ RGB PROGRAMÁVEL\r\nEscolha a partir de 16,8 milhões de cores e diversos níveis de brilho para combinar com o seu estilo, sistema ou ambiente. Baixe o Logitech Gaming Software para ter acesso a mais de 300 perfis de jogo e iluminação inteligente que responde à suas ações no jogo.\r\n\r\nSEIS BOTÕES PROGRAMÁVEIS\r\nO Logitech G203 Prodigy Gaming está pronto para ser usado assim que sai da caixa ou pode ser completamente configurado usando o Logitech Gaming Software. Os utilizadores avançados podem configurar qualquer um dos seis botões programáveis para simplificar as ações durante o jogo.\r\n\r\nMUDANÇA DE DPI IMEDIATA\r\nA mudança de DPI imediata permite que você selecione uma das quatro configurações de sensibilidade da precisão a nível de pixel de 240 DPI para cortar a uma iluminação rápida de 6000 DPI.\r\n\r\nMEMÓRIA INTEGRADA\r\nGuarde as suas preferências na memória interna do rato e use-as em qualquer PC, sem precisar de instalar softwares ou reconfigurar as configurações no novo PC.\r\n\r\n \r\n\r\nEspecificações:\r\nResolução: 250 – 6.000 dpi\r\nSensor: Óptico\r\nAceleração máxima: > 25 G\r\nVelocidade máxima: > 400 ips\r\nFormato de dados USB: 16 bits/eixo\r\nTaxa de transmissão de USB: 1000 Hz (1 ms)\r\nMicroprocessador: 32 bits ARM\r\nAltura: 116,6 mm\r\nLargura: 62,15 mm\r\nProfundidade: 38,2 mm\r\nPeso: 85 g (somente rato)\r\nComprimento do cabo: 2 m\r\n\r\nConteúdo da Embalagem:\r\nRato gaming\r\nGarantia de hardware limitada de dois anos', '1dd22daf0773373ff784dac293add684.jpg', 9),
(29, 'Teclado Ewent EW3119 Bluetooth iOS/Android/Windows', '19.90', b'0', 'Escreva de forma mais confortável com o seu Tablet PC Teclado ideal para Tablet e Smartphone Compatível com dispositivos iOS, Android e Windows Bluetooth V3.0 O consumo de energia muito reduzido e o design compacto permitem uma experiência excecional. \r\n\r\nEspecificações:\r\nLayout: Português\r\nInterface: Bluetooth v3.0\r\nDistância de controlador: até 10 metros\r\nTensão de operação: 3.0 até 5.0V\r\nCorrente de trabalho: <5.0mA\r\nCorrente de espera: 2.5mA\r\nCorrente de Dormir: <200uA\r\nTempo de espera: 40 ~ 45 dias\r\nTempo de trabalho ininterrupto: 30 horas\r\nTeclado: 78 teclas padrão, 18 das quais com função especial\r\nLEDs de status: On / Off, LED de status do Batterrrs\r\nTipo de Bateria: LR03 AAA 1.5V\r\nPeso do produto: 268 gr\r\nDimensões do produto (Largura x Altura x Profundidade): 285 x 120 x 15 mm\r\nCor: prata / branco\r\nMaterial: Alumínio e ABS\r\nRequisitos de Sistema:\r\nDispositivo com tecnologia Bluetooth\r\nDispositivo móvel: SO Android; iOS (Apple) e Windows 8 / 8.1 / 10 e posterior\r\nComputador: Windows XP / ME / Vista / 7/8 / 8.1 / 10 e posterior + Mac OS 9.x / OS X e posterior', 'b82550523a5c0a4f5e036514bdf79758.jpg', 10),
(30, 'Teclado Mecânico Ozone Strike Battle Spectra RGB P', '97.90', b'0', 'SPECTRA - 16.8 MILHÕES DE CORES\r\nA Ozone renovou a sua série Strike, atualizando o Strike Battle com funções RGB para atender às necessidades dos jogadores reais e tornando-o totalmente personalizável; 16,8 milhões de cores, 7 diferentes efeitos de iluminação e perfis de mapa de cores.\r\n\r\nMAPA DE CORES PERSONALIZADO\r\nMarque e mapeie as suas teclas com cores diferentes para manter o controlo dos seus comandos, feitiços, armas ou atalhos e crie um ambiente espetacular nas suas sessões de jogo.\r\n\r\nSWITCHES MECÂNICOS CHERRY MX RED\r\nRápidos e fiáveis, os switches Cherry MX Red são os mais procurados entre os jogadores graças ao seu toque suave e silencioso.\r\n\r\nTECLAS MULTIMÉDIA DE FÁCIL ACESSO\r\nQuer se trate de áudio ou vídeo, você pode controlar instantaneamente o volume, mute e outras funções de áudio.\r\n\r\nFUNÇÃO G-MODE\r\nA função G-Mode permitirá que você desative a tecla do Windows quando estiver no meio da ação.\r\n\r\nTENKEYLESS E CONSTRUÇÃO SUPERIOR EM ALUMÍNIO\r\nO tamanho compacto e design ergonómico do Strike Battle Spectra é perfeito para viajar. E graças à sua construção em alumínio forte você vai desfrutar de um teclado duradouro e resistente. Uma arma construída para a batalha.\r\n\r\nSOFTWARE PODEROSO E INTUITIVO\r\nAproveite ao máximo o seu teclado e crie facilmente as suas próprias configurações, atalhos e macros.\r\n\r\n \r\n\r\nEspecificações:\r\nLayout: PT ISO (tecla ENTER grande)\r\nSwitches: Cherry® MX Red\r\nRetroiluminação LED: 16.8 Milhões de cores RGB\r\nMacros: Todas as teclas em 5 perfis\r\nMaterial de construção: Alumínio\r\nMemória: 64KB onboard\r\nConexão: USB\r\nComprimento do cabo: 1.5 metros\r\nDimensões: 34.6 x 351 x 123 mm\r\nPeso: 685g', '556699f6fbb11c438203fb7f4a12098e.jpg', 10),
(31, 'Rato Óptico MSI Clutch GM60 Gaming RGB 10800DPI Pr', '89.90', b'0', 'Quando se trata de momentos decisivos no jogo, você precisa do equipamento certo para conquistar a vitória. Os ratos MSI Clutch GAMING usam os melhores componentes para garantir que você possa depender do rato. Então, quando chegar esse momento, você está pronto para o Clutch!\r\n\r\nA MELHOR ERGONOMIA\r\nCada jogador é diferente e tem uma preferência única de como o rato ideal deve \"caber\" na sua mão. O rato Clutch GM60 permite que você personalize completamente a aparência e a sensação, usando as alças laterais incluídas e a tampa superior. Usando um sistema com ímãs, mudar o rato é rápido e fácil.\r\n\r\nINCRÍVEL PRECISÃO\r\nUsando o sensor óptico Avago PMW3330, você possui um dos sensores de rastreamento mais avançados e precisos ao seu alcance. Os valores DPI podem ser facilmente ajustados de 1 a 10.800 DPI usando o interruptor DPI ou ajustados no software para qualquer jogo ou situação.\r\n\r\nRGB MYSTIC LIGHT\r\nUsando o RGB Mystic Light da MSI, os jogadores podem facilmente mudar a aparência do rato escolhendo entre milhões de cores e múltiplos efeitos para combinar com a sua configuração. Usando o Mystic Light Sync, cores e efeitos podem ser facilmente sincronizados com outros componentes RGB e periféricos para um show impressionante.\r\n\r\nCONTROLO É TUDO\r\nOs Gamers podem ajustar facilmente as configurações detalhadas no rato da série Clutch GM para atender aos seus requisitos específicos ou estilo de jogo através do MSI Gaming Center, como a iluminação do rato, macros, atribuição de botão e desempenho.\r\n\r\nCONSTRUÍDO PARA O GAMING\r\nObter um aperto sólido no seu jogo requer um rato sólido em que você possa confiar. O rato Clutch GM60 foi trabalhado em torno de um quadro de alumínio resistente e usa switches OMRON especiais com mais de 50 milhões de cliques. O cabo USB do GM60 é modular para permitir o transporte fácil e a capacidade de substituir o cabo USB em caso de qualquer dano.\r\n\r\n \r\n\r\nEspecificações:\r\nSensor: Óptico, PMW 3330\r\nResolução: 1000 / 1800 / 2800 / 3600, máx: 10.800 DPI (etapas: 100)\r\nBotões: 8\r\nTempo de resposta: 0.33ms\r\nSwitches: Omron GAMING (50 Milhões+ cliques)\r\nIluminação: RGB\r\nConexão: USB 2.0\r\nCabo: 2 metros, trançado\r\nCompatibilidade: Windows 10/8.1/8/7/Vista/XP\r\nDimensões: 125 (L)*66 (W)*39 (H) mm\r\nPeso: 115g', 'dc43e15f5070d53e032f60d5ad1954e2.jpg', 9),
(32, 'Teclado Mecânico Ducky ONE 2 RGB ABS PT Mini Pure ', '109.90', b'0', 'TODO UM NOVO DESIGN PETITE\r\nO novo design do painel partilha uma moldura elegante semelhante ao seu antecessor.\r\n\r\nDESEMPENHO FIÁVEL, EXCEPCIONAL E DURÁVEL\r\nTeclas PBT double-shot alemãs Cherry MX \r\n\r\nUSB TYPE-C DESTACÁVEL\r\nUsamos o USB HID com a frequência mais alta da taxa de polling de 1000Hz, o que significa que o teclado está envia o seu sinal de entrada para o seu PC 1000 vezes por segundo.\r\n\r\nOTIMIZE A COMODIDADE\r\nSuporte de teclado com ajuste de ângulo de 3 níveis\r\n\r\nEFEITOS DE LUZ RGB DIVERSIFICADOS\r\nCom hardware totalmente personalizável\r\n\r\nMELHOR DESEMPENHO PCB ANTI-FANTASMA DE 4 CAMADAS\r\nUtiliza LED SMD RGB 3528\r\nMaior expectativa de vida e estabilidade do sinal\r\nLida com qualquer número de teclas pressionadas em simultâneo com a opção de N-key ou 6-Key Rollover\r\n\r\nESPECIFICAÇÕES\r\nTipo de teclado: Mecânico\r\nLayout: PT\r\nSwitches: Cherry MX Red\r\nConexão: USB Type-C amovível\r\nPolling Rate: 1.000 Hz\r\nTipo de Keycaps: ABS gravada a laser\r\nAnti-Ghosting: N-Key Rollover\r\nIluminação: LED RGB\r\nPrinting technology: Double-Shot or Laser Engraved\r\nDimensões: 302 x 108 x 40 mm\r\nPeso: 590g', '5d7c675c8a9e0f219007231a28bda1e6.jpg', 10),
(33, 'Rato Óptico MSI Clutch GM70 Gaming RGB 18000DPI Wi', '119.90', b'0', 'Quando se trata de momentos decisivos no jogo, você precisa do equipamento certo para conquistar a vitória. Os ratos MSI Clutch GAMING usam os melhores componentes para garantir que você possa depender do rato. Então, quando chegar esse momento, você está pronto para o Clutch!\r\n\r\nA MELHOR ERGONOMIA\r\nCada jogador é diferente e tem uma preferência única de como o rato ideal deve \"caber\" na sua mão. O rato Clutch GM70 permite que você personalize completamente a aparência e a sensação, usando as alças laterais incluídas e a tampa superior. Usando um sistema com ímãs, mudar o rato é rápido e fácil.\r\n\r\nINCRÍVEL PRECISÃO\r\nUsando o sensor óptico PixArt PMW3360, você possui um dos sensores de rastreamento mais avançados e precisos ao seu alcance. Os valores de DPI podem ser ajustados facilmente de 1 a 18.000 DPI usando o interruptor DPI ou ajustados no software para se adequar a qualquer jogo ou situação.\r\n\r\nRGB MYSTIC LIGHT\r\nUsando o RGB Mystic Light da MSI, os jogadores podem facilmente mudar a aparência do rato escolhendo entre milhões de cores e múltiplos efeitos para combinar com a sua configuração. Usando o Mystic Light Sync, cores e efeitos podem ser facilmente sincronizados com outros componentes RGB e periféricos para um show impressionante.\r\n\r\nCONTROLO É TUDO\r\nOs Gamers podem ajustar facilmente as configurações detalhadas no rato da série Clutch GM para atender aos seus requisitos específicos ou estilo de jogo através do MSI Gaming Center, como a iluminação do rato, macros, atribuição de botão e desempenho.\r\n\r\nADAPTÁVEL\r\nOtimizado para diferentes cenários, o Clutch GM70 pode ser usado sem fio com uma taxa de 1.000Hz para uso em escritórios e em geral. Em jogo, o modo com fio fornece uma conexão sólida com o seu PC e aumenta a taxa de polling até 3.000Hz para uma resposta de relâmpago. Um interruptor na parte inferior do rato protege o conector no lugar.\r\n\r\nCONSTRUÍDO PARA O GAMING\r\nObter um aperto sólido no seu jogo requer um rato sólido em que você possa confiar. O rato Clutch GM70 foi trabalhado em torno de um quadro de alumínio resistente e usa switches OMRON especiais com mais de 50 milhões de cliques. O cabo USB do GM70 é modular para permitir o transporte fácil e a capacidade de substituir o cabo USB em caso de qualquer dano.\r\n\r\n \r\n\r\nEspecificações:\r\nSensor: Óptico, PMW 3360\r\nResolução: 1000 / 1800 / 2800 / 3600, máx: 18000 DPI (etapas: 100)\r\nBotões: 10\r\nTempo de resposta: 1ms (wireless mode) / 0.33 ms (wired mode)\r\nSwitches: Omron GAMING (50 Milhões+ cliques)\r\nIluminação: RGB\r\nConexão: USB 2.0\r\nCabo: 2 metros, trançado\r\nCompatibilidade: Windows 10/8.1/8/7/Vista/XP\r\nDimensões: 130.3 x 65.5 x 39\r\nPeso: 180g', '4b56ecadc25bdcf772b471d128ae48c9.jpg', 9),
(34, 'Teclado Mecânico Asus ROG Claymore CORE PT Cherry ', '149.90', b'0', 'Um dos teclados mais aguardados! Este teclado ROG Claymore conta com switches RGB mecânicos Cherry MX Red. Este fabuloso teclado suporta até 16.8 milhões de cores por tecla teclas e macros configuráveis e tecnologia N-key Rollover. Com um tamanho bastante compacto, esta versão do ROG Claymore não incluí o teclado numérico nem um repouso de mãos. A isto soma-se o sistema anti-ghosting que garante que cada jogada dos utilizadores tenha a precisão e a rapidez necessárias para adquirir uma vantagem competitiva frente ao adversário.\r\n\r\nSWITCHES MECÂNICOS CHERRY MX RED\r\nTestados biliões de vezes ao longo do tempo. O único do seu tipo no mundo. Um performer imbatível: CHERRY MX - a máxima qualidade e fiabilidade para o seu teclado. Com as normas profissionais. Com o MX RED, não terá um ponto de pressão perceptível e terá resistência mínima.\r\n\r\nMAIS DO QUE O ASPECTO FEITO PARA DURAR.\r\nO ROG Claymore não foi só feito para captar o seu olhar. Pensado com a força e rigidez em mente, o ROG Claymore foi desenvolvido numa frame em liga de alumínio durável. Quando design com inspiração maia e durabilidade se juntam para criar um produto único.\r\n\r\nROG SYNC PARA MOTHERBOARDS ASUS E ROG\r\n\r\nSincronização de LEDs entre o teclado o rato ROG e a motherboard\r\nControlo de velocidade das fans\r\nMonitorização da temperatura do CPU através da retroiluminação do teclado\r\n\r\nMÁXIMA PERSONALIZAÇÃO\r\nAmplamente populares na comunidade gaming, os switches RGB Cherry MX permitem uma personalização individual por tecla de até 16.8 milhões de cores para que a monotonia seja quebrada sempre que assim o desejar. Porque não deve estar restrido apenas a uma cor. E graças às teclas e macros configuráveis e à tecnologia N-key Rollover, cada gamer irá assumir o controlo de cada round como os jogadores profissionais.\r\n\r\nROG ARMOURY\r\nO software intuitivo permite personalização da iluminação e atribuição de teclas e gravação de macros sem esforço. As estatísticas dos jogos também são monitorizadas durante o jogo para oferecer análise benéfica e divertida.\r\n\r\n\r\n\r\nEspecificações:\r\nLayout: PT ISO (tecla ENTER grande)\r\nSwitches: Cherry® MX Red\r\nLuz de Fundo: RGB até 16.8 milhões de cores por tecla\r\nTeclas Macro: Sim\r\nMatriz: 100% anti-ghosting com N-Key Rollover\r\nPolling Rate: 1000 Hz\r\nMemória Integrada: Sim\r\nComprimento do cabo: 1.8 metros Trançado\r\nCompatibilidade: Windows 10 Windows 8 ou Windows 7\r\nDimensões: 360 x 145 x 45 mm\r\nPeso: 769 g', '42eb45477646e9b720c16be8ecdee058.jpg', 10),
(35, 'MacBook Pro 16 Touch Bar Core i9 | SSD 1TB | 16GB ', '2949.00', b'0', 'Criado para aqueles que desafiam os limites e para inspirar os criadores, o novo MacBook Pro é, de longe, o portátil mais potente de sempre. Com um envolvente ecrã Retina de 16 polegadas, processadores super?rápidos, placas gráficas de última geração, a maior autonomia de sempre num MacBook Pro, um novo teclado Magic Keyboard e grande capacidade de armazena­mento, é o portátil mais avançado para os profissionais mais exigentes.\r\n\r\n\r\nLINDO ECRÃ RETINA\r\nO MacBook Pro inclui um impressionante ecrã Retina de 16 polegadas, o maior ecrã Retina já visto num portátil Mac. Com luminosidade de 500 nits, realça os brancos e as zonas mais claras e, graças ao alinhamento preciso das moléculas de cristais líquidos, apresenta tons negros profundos. A vasta gama de cores P3 oferece imagens e vídeo luminosos e surpreendentemente reais. Assim, esteja onde estiver, vai ver o seu trabalho melhor do que nunca.\r\n\r\n\r\nA CAPACIDADE QUE MUDA AS REGRAS DO JOGO\r\nO MacBook Pro de 16 polegadas redefine o conceito de desempenho dos portáteis. Graças ao avançado design térmico e um potente processador Intel Core, tem um rendimento superior por períodos mais longos, além de um desempenho 2,1 vezes maior do que o MacBook Pro quad-core. Misture várias pistas ou efeitos, renderize modelos 3D ou escreva e teste código a velocidades que nunca pensou serem possíveis.\r\n\r\n\r\nARQUITETURA TÉRMICA AVANÇADA PARA UM PROCESSAMENTO MAIS RÁPIDO\r\nO MacBook Pro reformulou por completo o seu comportamento térmico ao incluir pás de ventoinha melhoradas que otimizam a circulação de ar e dissipadores de calor para um arrefecimento mais eficiente. Este ganho de capacidade permite ao MacBook Pro debitar mais 12 watts de potência máxima sustentada.\r\n\r\n\r\nPLACA GRÁFICA PARA IR MAIS ALÉM\r\nA GPU AMD Radeon Pro Série 5000M inclui a placa gráfica mais potente de sempre num MacBook Pro. O modelo base do MacBook Pro de 16 polegadas é duas vezes mais rápido do que a geração anterior, para uma leitura perfeita e renderização mais rápida de vídeos com definição Ultra HD. E com a opção de 8 GB de VRAM GDDR6, o desempenho é 80% mais rápido comparativamente ao da placa Radeon Pro Vega 20 em tarefas como a gradação de cor no DaVinci Resolve.\r\n\r\n\r\nTECLADO - UM NOVO TOQUE DE MAGIA\r\nO MacBook Pro de 16 polegadas eleva a eficiência no trabalho a outro patamar. O novo Magic Keyboard inclui um sofisticado mecanismo em tesoura com movimento de teclas de 1 mm para escrever com toda a comodidade e precisão. A Touch Bar mantém os atalhos sempre acessíveis e o Touch ID permite uma autenticação rápida. Com a tecla Escape dedicada pode alternar rapidamente entre modos e vistas e as teclas de seta em T invertido facilitam a navegação através de linhas de código, folhas de cálculo ou em jogos.\r\n\r\n\r\nÁUDIO INCRÍVEL - BAIXOS MAIS GRAVES. MICROFONES MAIS AFINADOS.\r\nO MacBook Pro faz-se ouvir. O sistema de som de seis colunas produz som estéreo de grande amplitude, como nunca se ouviu num portátil. Dois woofers com force?cancelling reduzem drasticamente as vibrações para um som mais claro e natural, acrescentando meia oitava de profundidade aos graves. O conjunto de três microfones com qualidade de estúdio está à altura de muitos equipamentos usados por profissionais e permite criar podcasts ou música de alta qualidade em qualquer lugar.\r\n\r\n\r\nBATERIA PARA MUITAS HORAS EXTRAORDINÁRIAS\r\nO MacBook Pro de 16 polegadas tem a bateria com a maior capacidade de sempre num portátil Apple. A bateria de polímeros de lítio de 100 Wh não só alimenta o ecrã maior e aumenta a potência máxima sustentada, como também proporciona maior autonomia: até 11 horas de navegação na internet sem fios e leitura de vídeo, para que se concentre mais no que está a fazer e se preocupe menos a procurar uma tomada.\r\n\r\n\r\nTHUNDERBOLT 3 - A LIGAÇÃO MAIS POTENTE E VERSÁTIL DE SEMPRE\r\nA porta universal Thunderbolt 3 combina uma elevada largura de banda com a enorme versatilidade da norma USB?C que permite velocidades até 40 Gb/s, o dobro da Thunderbolt 2. A mesma porta é usada para transferir dados, vídeo e carregar a bateria. Para ter mais opções de escolha, o MacBook Pro está equipado com duas portas de cada lado e basta um cabo ou adaptador para ligar os seus dispositivos num instante. Mas há mais: a Thunderbolt 3 é reversível, por isso não há como errar.\r\n\r\nProcessador: Intel® Core™ i9-9880H Octa-Core, 2.30 GHz com Turbo até 4.80 GHz, 16 MB Cache\r\nSistema Operativo: macOS Catalina\r\nMemória RAM: 16 GB de memória DDR4 a 2666 MHz (não expansível)\r\nEcrã: 16 polegadas (diagonal) com retroiluminação LED e tecnologia IPS; resolução nativa de 3072x1920 com 226 píxeis por polegada, compatível com milhões de cores\r\nPlaca Gráfica: Intel® UHD Graphics 630 + Radeon Pro 5500M 4GB GDDR6\r\nArmazenamento: SSD PCIe de 1TB\r\nCâmara: FaceTime HD 720p\r\nComunicações: \r\nRede sem fios Wi?Fi 802.11ac; compatível com IEEE 802.11a/b/g/n\r\nTecnologia sem fios Bluetooth 5.0\r\nInterface:\r\nQuatro portas Thunderbolt 3 (USB?C) compatíveis com:\r\nCarrega­mento\r\nDisplayPort\r\nThunderbolt (até 40 Gb/s)\r\nUSB 3.1 de 2.ª geração (até 10 Gb/s)\r\nÁudio: \r\nSistema de seis colunas de alta fidelidade e woofers com force-cancelling\r\nSom estéreo amplo\r\nCompatível com Dolby Atmos\r\nConjunto de três microfones com qualidade de estúdio, alta relação sinal/ruído e tecnologia beamforming direcional\r\nSaída para auscultadores de 3,5 mm\r\nTeclado: Retroiluminado\r\nDimensões: 35,79 cm (L) x 24,59 cm (P) x 1,62 cm (A)\r\nPeso: 2.00 kg\r\n\r\nConteúdo da Embalagem:\r\nMacBook Pro de 16 polegadas\r\nAdaptador de corrente USB?C de 96 W\r\nCabo de carregamento USB?C (2 m)', '4df96aa8208399967032d25b51c2326c.jpg', 3),
(36, 'Processador AMD Ryzen 7 2700X Octa-Core 3.7GHz c/ ', '188.00', b'0', 'O seu processador é inteligente? Este processador AMD Ryzen™ está armado com uma verdadeira rede neural para ajudar a analisar as suas necessidades de computação e otimizar a capacidade de resposta a cada milissegundo. Melhor desempenho e mais recursos avançados, os processadores para desktop 2ª geração AMD Ryzen™ fornecem uma computação mais rápida e suave para experiências extraordinárias.\r\n\r\nUMA NOVA ERA\r\nApós o enorme sucesso da primeira geração Ryzen, os processadores atualizados Pinnacle Ridge Ryzen 2 oferecem algoritmos aprimorados com melhorias em aplicações de single e multi-thread e altas frequências agora são possíveis. Compatível com motherboards com socket AM4 a AMD oferece aos consumidores um caminho de atualização fantástico e uma solução future proof com a plataforma AM4.\r\n\r\nSocket: AM4\r\nFrequência Base: 3.70 GHz\r\nFrequência Turbo: Até 4.35 GHz\r\nNúmero Núcleos: 8\r\nNúmero Threads: 16\r\nCache: 20MB Smart Prefetch Cache\r\nLitografia: 12 nm\r\nTDP: 105 W', '9f5aab1ba19622a723c079d472aca38f.jpg', 5),
(37, 'Placa Gráfica Asus ROG Strix Radeon RX 5700 XT 8GB', '545.90', b'0', 'Grandes experiências de jogos são criadas ao quebrar as regras. A RDNA totalmente nova é alimentada pela Radeon RX 5700 Series para oferecer um desempenho excepcional e jogos de alta fidelidade. Assuma o controlo com a Radeon RX 5700 Series e usufrua de jogos poderosos e acelerados personalizados para si.\r\n\r\nA NOVA ARQUITETURA DE JOGOS RDNA\r\nA Radeon RX 5700 possui novas unidades de computação, novas instruções mais adequadas para efeitos visuais e hierarquia de cache multiníveis para uma latência extremamente reduzida e jogos altamente dinâmicos.\r\n\r\nJOGO COM FIDELIDADE ACELERADA\r\nA arquitetura RDNA de alto desempenho foi planeada para aprimorar recursos como o Radeon Image Sharpening, FidelityFX e tecnologias VR para máximo desempenho e experiências de jogos para deixá-lo queixo caído.\r\n\r\nDINÂMICA DE JOGOS IMERSIVOS\r\nObtenha vantagem competitiva com lag de entrada drasticamente reduzido com o Radeon Anti-Lag, obtenha jogos sem tremulação e sem falhas com a tecnologia AMD Radeon FreeSync, e o mais recente Software Radeon para uma experiência de jogo incrivelmente dinâmica e insanamente imersiva.\r\n\r\nO NOVO DNA DE JOGOS\r\nA arquitetura RDNA foi planeada para a próxima geração de jogos de alto desempenho. É o DNA que alimenta os seus jogos, o DNA que faz os seus jogos terem vida.\r\n\r\nMAIS DESEMPENHO, MENOS ENERGIA.\r\nCom eficiência energética, a Radeon RX 5700 Series fornece mais desempenho enquanto consome menos energia do que seu processador.\r\n\r\nMEMÓRIA GDDR6 PARA JOGOS AVANÇADOS\r\nEquipada com 8GB de memória GDDR6 avançada para proporcionar uma largura de banda alta de até 448GB/s, permite um desempenho em 1440p para os jogos atuais mais exigentes.\r\n\r\nPREPARADA COM MAIS LARGURA DE BANDA\r\nA Radeon RX 5700 Series possui compatibilidade com PCI Express 4.0, com uma produtividade de 16 GT/s e ativa o dobro de largura de banda comparado com o PCI Express 3.0. Prepare-se para a próxima geração de jogos para PC.\r\n\r\nJOGO COM FIDELIDADE ACELERADA\r\nA Radeon RX 5700 Series aproveita a arquitetura RDNA para alimentar jogos imersivos com explosões, física e efeitos de luz, dando vida ao realismo.\r\n\r\nTECNOLOGIA DE APERFEIÇOAMENTO INTELIGENTE\r\nO Radeon Image Sharpening combina aperfeiçoamento de contraste adaptativo com uma exclusiva GPU para fornecer visuais de aparência nítida com praticamente nenhum impacto no desempenho.\r\n\r\nMotor Gráfico: AMD Radeon RX 5700 XT\r\nBus: PCI Express 4.0\r\nMemória: 8GB GDDR6\r\nClock GPU: \r\nEngine Clock – OC Mode: P Mode: 1840 MHz (Base clock), Até 1965 MHz (Game clock), ~ 2035 MHz (Boost clock)\r\nEngine Clock – Gaming Mode: P Mode: 1770 MHz (Base clock), Até 1905 MHz (Game clock), ~ 2010 MHz (Boost clock)\r\nStream Processors: 2560\r\nClock de Memória: 14 Gbps\r\nInterface de Memória: 256 Bits\r\nInterface:\r\n3 x DisplayPort 1.4\r\n1 x HDMI 2.0b\r\nSuporte HDCP: Sim\r\nDimensões do Produto: 30.5 x 13 x 5.4 cm', '1f7cefb1eef1bbcc0b29cf1da65866ba.jpg', 6),
(38, 'Processador Intel Core i9-10980XE Extreme Edition ', '1149.90', b'0', 'FAMÍLIA DE PROCESSADORES DA SÉRIE X INTEL® CORE™\r\nA família de processadores Intel® Core™ série X foi criada para se adaptar às suas necessidades de criação de conteúdo, para as mais extremas exigências. Usufrua de um desempenho extremo, recursos visuais imersivos em 4K, armazenamento em alta velocidade e memória DDR4 e os mais recentes avanços tecnológicos, todos projetados para que você projete a sua obra-prima mais rapidamente do que nunca. A tecnologia Intel® Turbo Boost Max 3.0 otimiza o desempenho das threads, identificando os dois núcleos mais rápidos do seu processador e direcionando as suas cargas de trabalho mais críticas para eles. Ele também vem pronto para instalar a memória Intel® Optane™ e os SSDs Intel® Optane™ para uma incrível capacidade de resposta do sistema.\r\n\r\nO SEU CAMINHO MAIS RÁPIDO DA CRIATIVIDADE À PRODUTIVIDADE\r\nEsteja você a trabalhar no seu filme mais recente ou no próximo episódio de uma série do YouTube, a família de processadores desbloqueados Intel® Core™ X-series foi projetada para atender aos seus fluxos de trabalho criativos mais exigentes. Habilitados para AVX-512 e tecnologia Intel® Turbo Boost Max 3.0 aprimorada, direciona as suas cargas de trabalho mais críticas para os quatro núcleos mais rápidos do processador. Experimente desempenho extremo, recursos visuais imersivos em 4K, armazenamento e memória de alta velocidade e os mais recentes avanços tecnológicos. Além disso, para os entusiastas da tecnologia e cientistas de dados que trabalham com cargas de trabalho de IA, o suporte ao Intel® Deep Learning Boost otimiza um conjunto de instruções do Intel® AVX-512, reduzindo-o de três tarefas para apenas uma.\r\n\r\nUM CPU CONSTRUÍDO PARA A DERRADEIRA PLATAFORMA\r\nO chipset Intel X299 emparelhado com os processadores Intel Core série X fornece uma plataforma de classe mundial para jogos, criação de conteúdo e overclocking. Seja com capacidade de resposta, capacidade de expansão ou desempenho que você deseja, esta plataforma é para si.\r\n\r\nOVERCLOCK COM CONFIANÇA\r\nA família de processadores Intel® Core™ série X é desbloqueada para fornecer espaço adicional. Novos recursos incluem a capacidade de fazer overclock em cada núcleo individualmente, controles de taxa AVX para maior estabilidade e controlo de tensão VccU para cenários extremos. Combinado com ferramentas como o Extreme Tuning Utility da Intel (Intel® XTU) e o Extreme Memory Profile (Intel® XMP), você tem um kit poderoso para maximizar o desempenho.\r\n\r\nSocket: LGA 2066\r\nFrequência Base: 3.00 GHz\r\nFrequência Turbo: Até 4.60 GHz\r\nNúmero Núcleos: 18\r\nNúmero Threads: 36\r\nCache: 24.75 MB\r\nLitografia: 14 nm\r\nTDP: 165 W', '90fc44ec82f65f065e64507e61445fa8.jpg', 5),
(39, 'Processador Intel Core i3-9350KF Quad-Core 4.0GHz ', '208.00', b'0', 'PROJETADO PARA OS MELHORES GAMERS DO MUNDO\r\nUsufrua de desempenho excepcional, entretenimento imersivo e conveniência simples com os processadores Intel Core da 9ª Geração. O processador i3 9350KF amplia todos os recursos que os utilizadores adoram nos CPUs da geração anterior com inovações ainda mais avançadas que oferecem novos níveis de desempenho que o colocam no seu computador em vários formatos. O i3 9350KF apresenta todas as mais recentes tecnologias da Intel para permitir que você tenha a melhor experiência em computação, e este CPU em particular é desbloqueado, permitindo que você faça overclock para capacidade adicional em jogos ou de produção.\r\n\r\nJOGUE, FAÇA STREAM E GRAVE SEM COMPROMISSO.\r\nOs processadores Intel Core da 9ª Geração redefinem o desempenho do PC desktop convencional. O i3 9350KF possui quatro núcleos para maior capacidade de processamento e multitarefa sem esforço. O recurso Desbloqueado neste chip permite overclocking, permitindo ajustar o desempenho. A tecnologia Intel Turbo Boost 2.0 também aumentou a frequência turbo máxima de 4,6 GHz e até 8 MB de memória cache para uma jogabilidade e resposta ultra-suaves. O processador da 9ª geração i3 permite-lhe desfrutar de excelentes jogos e experiências de VR.\r\n\r\nFAÇA STREAM E JOGUE EM 4K UHD\r\nOs computadores desktop baseados nos processadores Intel Core da 9ª Geração integram tecnologias avançadas que trazem conteúdo premium de alta qualidade para o seu desktop para oferecer streaming suave de entretenimento 4K UHD premium para o seu PC.\r\n\r\n \r\n\r\nSocket: LGA 1151\r\nFrequência Base: 4.00 GHz\r\nFrequência Turbo: Até 4.60 GHz\r\nNúmero Núcleos: 4\r\nNúmero Threads: 4\r\nCache: 8 MB\r\nLitografia: 14 nm\r\nTDP: 91 W', 'd9d88b048a9ce3b9623c151176ffecdf.jpg', 5),
(40, 'Placa Gráfica Gigabyte GeForce GT 710 1GB GDDR5', '37.60', b'0', 'PERFEITA PARA A CONSTRUÇÃO DE UM HTPC SILENCIOSO\r\nO dissipador da Gigabyte GeForce® GT 710 foi desenhado com uma grande área de superfície para que passivamente mantenha a placa gráfica nas temperaturas ideias - perfeito para a construção de computadores HTPC e centros multimédia.\r\n\r\nNVIDIA® PHYSX® READY\r\nEfeitos visuais dinâmicos como explosões ardentes detritos água realista e personagens que parecem reais.\r\n\r\n \r\n\r\nMotor Gráfico: NVIDIA GeForce GT 710\r\nBus: PCI Express 2.0\r\nMemória: 1GB GDDR5\r\nClock GPU: 954 MHz\r\nNúcleos CUDA: 192\r\nClock de Memória: 5010 MHz\r\nInterface de Memória: 64 Bits\r\nInterface:\r\n1 x Dual-link DVI-I\r\n1 x HDMI\r\nSuporte HDCP\r\nDimensões: L=151 W=69 H=35 mm', '99876dceb37e51a6926251b5e0e1a5e6.jpg', 6),
(41, 'Placa Gráfica Zotac GeForce GTX 1060 6GB GDDR5X', '179.90', b'0', 'A placa gráfica ZOTAC GeForce GTX 1060 vem carregada com novas e inovadoras tecnologias de jogo, tornando-a na escolha perfeita para os mais recentes jogos de alta definição. Desenvolvida através da NVIDIA Pascal™ - a arquitetura de GPU mais avançada já criada - a ZOTAC GeForce GTX 1060 oferece um desempenho brilhante que abre a porta para a realidade virtual e além.\r\n\r\n \r\n\r\nMotor Gráfico: NVIDIA GeForce GTX 1060\r\nBus: PCI Express 3.0\r\nMemória: 6GB GDDR5X\r\nEngine Clock: Base: 1506 MHz / Boost 1708 MHz\r\nNúcleos CUDA: 1280\r\nClock de Memória: 8 GHz\r\nInterface de Memória: 192 Bits\r\nResolução: Resolução digital máxima: 7680 x 4320\r\nInterface:\r\n3 x DisplayPort 1.4\r\n1 x HDMI 2.0b\r\n1 x DL-DVI\r\nSuporte HDCP: Sim\r\nOpenGL: OpenGL®4.5\r\nSoftware: FireStorm\r\nDimensões do Produto: 211mm x 125mm x 41mm', '5fec68bcdb2da8a79fb826b7ff296898.jpg', 6),
(42, 'Placa Gráfica MSI GeForce GTX 1060 3GT OC', '199.00', b'0', 'A DERRADEIRA PLATAFORMA GAMING\r\nPrepare-se para o jogo com a GeForce® GTX. Descubra um desempenho sem precedentes eficiência energética e experiência gaming da próxima geração.\r\n\r\nDESIGN TÉRMICO DUAL FANS\r\nO design dual fan abrange mais área de dissipador de calor para levar o calor longe de forma mais eficiente.\r\n\r\nCOMPONENTES MILITARY CLASS 4\r\nUm dos factores decisivos na qualidade do desempenho é o dos componentes utilizados. É por isso que a MSI utiliza apenas componentes certificados MIL-STD-810G. Somente esses componentes provaram ser duráveis o suficiente para suportar as circunstâncias torturantes dos jogos e overclocking em uso prolongado.\r\n\r\nVR READY\r\nDescubra o desempenho VR de próxima geração a menor latência e compatibilidade plug-and-play com os principais headsets impulsionados pelas tecnologias NVIDIA VRWorks™.\r\n\r\nAFTERBURNER\r\nO MSI Afterburner é o utilitário de overclocking mais utilizado e reconhecido em todo mundo que lhe dá o controlo total da sua placa gráfica. Ele também fornece uma visão geral incrivelmente detalhada do seu hardware e vem com algumas características adicionais tais como a personalização de perfis das ventoinhas análise comparativa e gravação de vídeo.\r\n\r\n\r\n\r\nMotor Gráfico: NVIDIA GeForce® GTX 1060\r\nInterface: PCI Express x16 3.0\r\nClock Base GPU: 1544 MHz  Clock Boost GPU: 1759 MHz\r\nMemória: 3GB GDDR5\r\nInterface de Memória: 192 bits\r\nClock de Memória: 8000 MHz\r\nInterfaces:\r\n1 x Dual-link DVI-D\r\n1 x DisplayPort (Versão 1.4)\r\n1 x HDMI (Versão 2.0)\r\nVirtual Reality Ready: Sim\r\nResolução Digital Máxima: 7680 x 4320\r\nSuporte HDCP: 2.2\r\nVersão DirectX: 12\r\nVersão OpenGL: 4.5\r\nDimensões do Produto: 243 x 115 x 39 mm', 'f86f72f3231b08b05fd5b26f788caa23.jpg', 6);
INSERT INTO `product` (`id`, `product_name`, `unit_price`, `is_discontinued`, `description`, `product_image`, `id_category`) VALUES
(43, 'Placa Gráfica Sapphire Radeon RX 560 PULSE 2GB OC', '99.90', b'0', 'Com a SAPPHIRE Pulse Radeon RX560 pode desfrutar dos seus jogos favoritos em 1080p suave, desde os mais recentes jogos eSports e MOBA até aos títulos AAA mais populares e graficamente intensivos. Construída sobre a arquitetura Polaris, 896 stream processors de fluxo GCN impulsionados a 1226MHz. Esta placa está pronta para as últimas tecnologias, como a tecnologia DisplayPort 1.4 HBR3 / HDR, HDMI 4K60 e Freesync 2, que oferece um alto nível de fidelidade gráfica nos seus jogos favoritos.\r\n\r\nTECNOLOGIA FRTC\r\nO Controlo Objetivo da Taxa de Frames (FRTC) habilita o utilizador a escolher uma taxa máxima de frames quando estiver a desfrutar de um aplicativo em full screen. O benefício alcançado com o FRTC pode reduzir o consumo de energia do GPU e por consequência reduzir o aquecimento e o barulho criado pelas ventoinhas da placa gráfica.\r\n\r\nDIRECTX® 12\r\nO DirectX® 12 é uma nova API gráfica da Microsoft® que habilita os developers de jogos com um controlo mais direto e óbvio do hardware do PC. Este controlo direto ou \"explícito\" expõe melhor os recursos de hardware dos GPUs AMD Radeon™ para produzir maior capacidade de processamento de hardware e, em última análise, mais desempenho para os utilizadores. Simplificando: hardware muito mais eficiente através de um software mais inteligente!\r\n\r\nTECNOLOGIA AMD FREESYNC\r\nA tecnologia AMD FreeSync™ permite que uma placa gráfica e monitor compatíveis alterem dinamicamente as taxas de frames para obter a qualidade de exibição ideal sem lag.\r\n\r\nTECNOLOGIA AMD EYEFINITY\r\nA tecnologia AMD Eyefinity expande os limites tradicionais da computação de desktop, multiplicando a sua área de ecrã. Com vários monitores, os jogos tornam-se mais imersivos, as estações de trabalho tornam-se mais úteis e você torna-se mais produtivo.\r\n\r\n \r\n\r\nMotor Gráfico: AMD Radeon RX 560\r\nBus: PCI Express 3.0\r\nMemória: 2GB GDDR5\r\nEngine Clock: Clock Boost 1226 MHz\r\nStream Processors: 896\r\nClock de Memória: 1500 MHz\r\nInterface de Memória: 128 Bits\r\nInterface:\r\n1 x DVI-D\r\n1 x HDMI\r\n1 x DisplayPort 1.4\r\nSuporte HDCP: Sim\r\nOpenGL: OpenGL®4.5\r\nDimensões do Produto: 210 (L) x 112 (W) x 36 (H) mm', '22354a804a1a1fea3365e3102dba6d08.jpg', 6),
(44, 'Placa Gráfica PNY Quadro P5000 16GB GDDR5', '1890.00', b'0', 'A placa gráfica NVIDIA Quadro P5000, alimentada pela tecnologia NVIDIA Pascal™, possui capacidade de memória de 16 GB e permite um espaço de trabalho visual amplo com saídas quad-display. Trabalhe com modelos maiores, efeitos visuais complexos e simulações, tarefas de renderização maiores e experiências de VR mais realistas no seu fluxo de trabalho hoje e esteja bem preparado para os desafios de amanhã.\r\n\r\n \r\n\r\nNúcleos CUDA: 2560\r\nMemória: 16GB GDDR5X\r\nInterface de Memória: 256 bits\r\nLargura de banda memória: 288 GB/s\r\nBus: PCI Express 3.0 x16\r\nConsumo energético máx: 180 W\r\nFormato: 4.40” H x 10.50” L, Dual Slot\r\nConectores display: DP 1.4 (4) + DVI-D DL (1) + Stereo\r\nDisplayPort 1.4: Sim\r\nDisplayPort com áudio: Sim\r\nResolução máxima DP 1.4: 7680 x 4320 a 30Hz (30-bit color)\r\nSuporte 5K: 5120 x 2880 aa 60Hz (30-bit color)\r\nSuporte 4K: 4096 x 2160 a 60Hz ou 3840 x 2160 aa 60Hz (30-bit color)\r\nResolução máxima DVI-D DL: 2560 x 1600 a 60Hz\r\nResolução máxima DVI-D SL: 1920 x 1200 a 60Hz', 'fc5c0e0b25f34df09757ca730d2e5760.jpg', 6),
(45, 'Placa Gráfica Asus ROG Strix GeForce RTX 2080 Ti G', '1569.90', b'0', 'A GeForce RTX proporciona uma experiência de jogo de PC completamente renovada. Com o design de GPU NVIDIA Turing e a inovadora plataforma RTX, as placas gráficas RTX combinam real-time ray tracing, inteligência artificial e sombreamento programável. Apresentando TBD GPU boost e clock de memória em modo OC, oferece excelente desempenho em jogos.\r\n\r\nARQUITETURA DE GPU NVIDIA TURING - DESEMPENHO ATÉ 6 VEZES MAIS RÁPIDO\r\nOs GPUs RTX são alimentados pela arquitetura Turing, o que proporciona um desempenho 6x mais rápido do que as placas gráficas de geração anterior. Turing usa um novo processo de fabricação de 12nm e também traz o poder do real-time ray tracing e inteligência artificial para os seus jogos.\r\n\r\nTECNOLOGIA RAY TRACING E MEMÓRIA GDDR6\r\nA GeForce RTX oferece tecnologias verdadeiramente exclusivas de real-time ray tracing para gráficos de ponta e hiper-realistas. Isso significa que a RTX está anos-luz à frente de outras placas e oferece a experiência de jogo mais realista de todos os tempos. As placas RTX também são as primeiras placas gráficas a apresentar memória GDDR6.\r\n\r\nGEFORCE EXPERIENCE\r\nCapta e partilha vídeos, capturas de ecrã e livestreams com amigos. Mantém os controladores atualizados e otimiza as definições de jogo. O GeForce Experience™ permite-te fazer tudo. É o companheiro fundamental da tua placa gráfica GeForce.\r\n\r\nCONTROLADORES GAME READY\r\nObtém os níveis mais elevados de desempenho e a experiência mais suave possível, desde o momento em que começas a jogar.\r\n\r\nNVIDIA SHADOWPLAY™\r\nGrava e partilha vídeos de jogo, capturas de ecrã e livestreams de alta qualidade com os teus amigos.\r\n\r\nNVIDIA ANSEL\r\nTransforma as tuas capturas de ecrã em obras de arte com este poderoso modo de fotografia no jogo que capta fotografias 360, HDR e com elevada resolução\r\n\r\nREALIDADE VIRTUAL\r\nAo combinar a composição (rendering) de VR avançada, o ray-tracing em tempo real e a IA, a GeForce RTX levará a VR para um novo nível de realismo.\r\n\r\nNVIDIA G-SYNC™ E HDR\r\nDesfruta de uma experiência de jogo suave e sem \"tearing\", a taxas de atualização de até 240 Hz, com HDR e muito mais. Este é o derradeiro ecrã de gaming e o equipamento de eleição para os entusiastas de jogos.\r\n\r\nDIRECTX 12\r\nProporciona novos efeitos visuais e técnicas de composição (rendering) para uma experiência de jogo mais realista.\r\n\r\n4K\r\nEntra na derradeira experiência de jogo 4K com a GeForce RTX e desfruta dos grandes jogos da atualidade com detalhes fantásticos.\r\n\r\n \r\n\r\nMotor Gráfico: NVIDIA® GeForce® RTX 2080 Ti\r\nBus: PCI Express x16 3.0\r\nNúcleos CUDA: 4352\r\nMemória: 11GB GDDR6\r\nClock GPU:\r\nOC Mode - 1770 MHz (Boost Clock)\r\nGaming Mode (Default) - GPU Boost Clock : 1740 MHz , GPU Base Clock : 1350 MHz\r\nInterface de Memória: 352 Bits\r\nInterface I/O:\r\n2 x DisplayPort (v1.4)\r\n2 x HDMI 2.0b\r\n1 x USB Type-C\r\nSuporte HDCP 2.2\r\nVersão DirectX: 12\r\nVersão OpenGL: 4.6\r\nDimensões do produto: 30.5 x 13 x 5.4 cm', '6fc8fbb248fb648169b9ca15b16ed8c9.jpg', 6),
(46, 'Placa Gráfica Gigabyte Aorus GeForce RTX 2080 Ti W', '1454.00', b'0', 'SISTEMA DE REFRIGERAÇÃO WATERFORCE\r\nA AORUS fornece a solução de refrigeração completa para todos os principais componentes da placa gráfica. Cuida não só do GPU, como também dos VRAM e dos MOSFET, para garantir um funcionamento estável em overclock e maior durabilidade. A AORUS garante que a placa gráfica WATERFORCE tenha a excelente qualidade de montagem e maior desempenho.\r\n\r\nRGB FUSION\r\nCom 16.7 Milhões de opções de cores personalizáveis e inúmeros efeitos de iluminação, agora você pode escolher o esquema certo para o seu equipamento de jogo através do AORUS engine.\r\n\r\n2 X HDMI EXTRA\r\nA AORUS fornece um total de 7 saídas de vídeo em comparação com as 5 saídas de vídeo da placa de referência. Um adicional de 2 portas HDMI permite que os consumidores tenham maior flexibilidade.\r\n\r\nCONSTRUÇÃO PREMIUM EM TODOS OS ASPECTOS\r\nOs gráficos AORUS são dedicados a uma qualidade perfeita. Excelente design de circuito com os materiais de alta qualidade, não só maximiza o desempenho do GPU, como também mantém uma operação estável e duradoura.\r\n\r\n4 ANOS DE GARANTIA\r\nA Gigabyte quer que você usufrua do melhor serviço que você já teve. É por isso que, além da garantia padrão de 3 anos da Gigabyte, você pode ter um ano adicional de proteção à sua placa gráfica gratuitamente. Você pode desfrutar de uma garantia de 4 anos, registando o seu produto no site gigabyte até 30 dias após a compra.\r\n\r\n \r\n\r\nMotor Gráfico: NVIDIA® GeForce® RTX 2080 Ti\r\nBus: PCI Express x16 3.0\r\nNúcleos CUDA: 4352\r\nClock GPU: 1770 MHz (Placa de referência: 1545 MHz)\r\nMemória: 11GB GDDR6\r\nClock de memória: 14140 MHz\r\nInterface de Memória: 352 Bits\r\nInterface I/O:\r\n3 x DisplayPort (v1.4)\r\n3 x HDMI 2.0b\r\n1 x USB Type-C\r\nSuporte HDCP 2.2\r\nVersão DirectX: 12\r\nVersão OpenGL: 4.5\r\nDimensões do produto: L=291.29 W=159.05 H=28.7 mm', '4aa04315d316a04244a18940d3eb8295.png', 6);

-- --------------------------------------------------------

--
-- Estrutura da tabela `profile`
--

CREATE TABLE `profile` (
  `id` int(11) NOT NULL,
  `firstName` varchar(50) NOT NULL,
  `lastName` varchar(50) NOT NULL,
  `phone` varchar(20) DEFAULT NULL,
  `address` varchar(255) DEFAULT NULL,
  `nif` int(9) DEFAULT NULL,
  `postal_code` varchar(8) DEFAULT NULL,
  `city` varchar(50) DEFAULT NULL,
  `country` varchar(100) DEFAULT NULL,
  `id_user` int(11) NOT NULL
) ENGINE=InnoDB DEFAULT CHARSET=latin1;

--
-- Extraindo dados da tabela `profile`
--

INSERT INTO `profile` (`id`, `firstName`, `lastName`, `phone`, `address`, `nif`, `postal_code`, `city`, `country`, `id_user`) VALUES
(6, 'Martim', 'Silva', '111111111', 'Rua Professor Piedade Arinto, lote nº 16', 111111112, '2350-747', 'Torres Novas', 'Portugal', 6),
(7, 'Martim', 'Silva', '960190991', 'Rua Professor Piedade Arinto, lote nº 16', 506243791, '2350-747', 'Torres Novas', 'Portugal', 7),
(8, 'Micael', 'Rodrigues', '926315234', '1ª Travessa da Rua da Igreja Parceiros', 249632152, '2400-441', 'Leiria', 'Portugual', 8),
(9, 'Bruno', 'Correia', '931260459', 'Rua das Eiras Parceiros', 249875314, '2400-441', 'Leiria', 'Portugal', 9);

-- --------------------------------------------------------

--
-- Estrutura da tabela `sale`
--

CREATE TABLE `sale` (
  `id` int(11) NOT NULL,
  `sale_date` datetime NOT NULL DEFAULT current_timestamp(),
  `sale_finished` bit(1) NOT NULL,
  `id_user` int(11) NOT NULL
) ENGINE=InnoDB DEFAULT CHARSET=latin1;

--
-- Extraindo dados da tabela `sale`
--

INSERT INTO `sale` (`id`, `sale_date`, `sale_finished`, `id_user`) VALUES
(1, '2020-01-10 16:54:54', b'1', 8),
(2, '2020-01-10 16:55:03', b'0', 8),
(3, '2020-01-10 16:55:13', b'0', 8),
(4, '2020-01-10 16:55:27', b'1', 6),
(5, '2020-01-10 16:55:32', b'0', 6);

-- --------------------------------------------------------

--
-- Estrutura da tabela `sale_item`
--

CREATE TABLE `sale_item` (
  `id` int(11) NOT NULL,
  `unit_price` decimal(12,2) NOT NULL,
  `quantity` int(11) NOT NULL,
  `id_product` int(11) NOT NULL,
  `id_sale` int(11) NOT NULL
) ENGINE=InnoDB DEFAULT CHARSET=latin1;

--
-- Extraindo dados da tabela `sale_item`
--

INSERT INTO `sale_item` (`id`, `unit_price`, `quantity`, `id_product`, `id_sale`) VALUES
(1, '37.60', 1, 40, 1),
(2, '99.90', 2, 43, 2),
(3, '89.90', 1, 31, 3),
(4, '599.99', 1, 11, 3),
(5, '497.90', 1, 16, 4),
(6, '119.90', 1, 33, 4),
(7, '97.90', 2, 30, 5),
(8, '31.90', 1, 28, 5);

-- --------------------------------------------------------

--
-- Estrutura da tabela `user`
--

CREATE TABLE `user` (
  `id` int(11) NOT NULL,
  `username` varchar(255) COLLATE utf8_unicode_ci NOT NULL,
  `auth_key` varchar(32) COLLATE utf8_unicode_ci NOT NULL,
  `password_hash` varchar(255) COLLATE utf8_unicode_ci NOT NULL,
  `password_reset_token` varchar(255) COLLATE utf8_unicode_ci DEFAULT NULL,
  `email` varchar(255) COLLATE utf8_unicode_ci NOT NULL,
  `status` smallint(6) NOT NULL DEFAULT 10,
  `created_at` int(11) NOT NULL,
  `updated_at` int(11) NOT NULL,
  `verification_token` varchar(255) COLLATE utf8_unicode_ci DEFAULT NULL
) ENGINE=InnoDB DEFAULT CHARSET=utf8 COLLATE=utf8_unicode_ci;

--
-- Extraindo dados da tabela `user`
--

INSERT INTO `user` (`id`, `username`, `auth_key`, `password_hash`, `password_reset_token`, `email`, `status`, `created_at`, `updated_at`, `verification_token`) VALUES
(6, 'admin', 'r06XozwPoUfwQUXIORCSE30ASLJuNOtU', '$2y$13$zCvypUN/o0MLsiUoZraNNuQIfZPhxAIVehKochr2RCOpC9A9oq.ye', NULL, 'admin@admin.com', 10, 1578426832, 1578426832, 'qazaedIWE0L8sRMFari6wYfTaMCjGZ8k_1578426832'),
(7, 'martim', 'Rm8Xpr1hYRf9mp_ZMuffejh4sA6TT0WO', '$2y$13$2/h3c8DxoPC7yfBOMPaPUevllo3zJF4LmC6OGtWYO0ytn7zQkW8S2', NULL, 'martimtsilva@hotmail.com', 10, 1578481942, 1578481942, '9eYFNgNLzkyTO_Q6Z0RalQXBqL8RtMhx_1578481942'),
(8, 'micael', 'yi6mZXuCFh_bt47TmwNnsI61bugWqInx', '$2y$13$Bbhuh9xNlWSyy.Gt1trJIOUCV1GFo/Sc02xN76v2fuRZQY7eIrgwa', NULL, 'micael96@gmail.com', 10, 1578482035, 1578482035, 'YFL8rk4MjMr0Fg50Gp-r2WcCjFds4w1h_1578482035'),
(9, 'bruno', 'HksHq_nLuJqwaPw8jXQHTgzQcSJfo1iI', '$2y$13$7C00fTBjB69cncQdPmzrRe2Z9iCE17zKlee0Q8A4qeiUPEqcOHQam', NULL, 'brumeco62@hotmail.com', 10, 1578482206, 1578482206, 'JeLnV6JJel8Xf-NLqW5BqdmOy5BJ1tp2_1578482206');

--
-- Índices para tabelas despejadas
--

--
-- Índices para tabela `category`
--
ALTER TABLE `category`
  ADD PRIMARY KEY (`id`),
  ADD KEY `parent_id` (`parent_id`);

--
-- Índices para tabela `migration`
--
ALTER TABLE `migration`
  ADD PRIMARY KEY (`version`);

--
-- Índices para tabela `product`
--
ALTER TABLE `product`
  ADD PRIMARY KEY (`id`),
  ADD KEY `id_category` (`id_category`);

--
-- Índices para tabela `profile`
--
ALTER TABLE `profile`
  ADD PRIMARY KEY (`id`),
  ADD KEY `profile_ibfk_1` (`id_user`);

--
-- Índices para tabela `sale`
--
ALTER TABLE `sale`
  ADD PRIMARY KEY (`id`),
  ADD KEY `id_user` (`id_user`);

--
-- Índices para tabela `sale_item`
--
ALTER TABLE `sale_item`
  ADD PRIMARY KEY (`id`),
  ADD KEY `id_product` (`id_product`),
  ADD KEY `id_sale` (`id_sale`);

--
-- Índices para tabela `user`
--
ALTER TABLE `user`
  ADD PRIMARY KEY (`id`),
  ADD UNIQUE KEY `username` (`username`),
  ADD UNIQUE KEY `email` (`email`),
  ADD UNIQUE KEY `password_reset_token` (`password_reset_token`);

--
-- AUTO_INCREMENT de tabelas despejadas
--

--
-- AUTO_INCREMENT de tabela `category`
--
ALTER TABLE `category`
  MODIFY `id` int(11) NOT NULL AUTO_INCREMENT, AUTO_INCREMENT=80;

--
-- AUTO_INCREMENT de tabela `product`
--
ALTER TABLE `product`
  MODIFY `id` int(11) NOT NULL AUTO_INCREMENT, AUTO_INCREMENT=47;

--
-- AUTO_INCREMENT de tabela `profile`
--
ALTER TABLE `profile`
  MODIFY `id` int(11) NOT NULL AUTO_INCREMENT, AUTO_INCREMENT=10;

--
-- AUTO_INCREMENT de tabela `sale`
--
ALTER TABLE `sale`
  MODIFY `id` int(11) NOT NULL AUTO_INCREMENT, AUTO_INCREMENT=13;

--
-- AUTO_INCREMENT de tabela `sale_item`
--
ALTER TABLE `sale_item`
  MODIFY `id` int(11) NOT NULL AUTO_INCREMENT, AUTO_INCREMENT=9;

--
-- AUTO_INCREMENT de tabela `user`
--
ALTER TABLE `user`
  MODIFY `id` int(11) NOT NULL AUTO_INCREMENT, AUTO_INCREMENT=10;

--
-- Restrições para despejos de tabelas
--

--
-- Limitadores para a tabela `category`
--
ALTER TABLE `category`
  ADD CONSTRAINT `category_ibfk_1` FOREIGN KEY (`parent_id`) REFERENCES `category` (`id`);

--
-- Limitadores para a tabela `product`
--
ALTER TABLE `product`
  ADD CONSTRAINT `product_ibfk_1` FOREIGN KEY (`id_category`) REFERENCES `category` (`id`);

--
-- Limitadores para a tabela `profile`
--
ALTER TABLE `profile`
  ADD CONSTRAINT `profile_ibfk_1` FOREIGN KEY (`id_user`) REFERENCES `user` (`id`) ON DELETE CASCADE;

--
-- Limitadores para a tabela `sale`
--
ALTER TABLE `sale`
  ADD CONSTRAINT `sale_ibfk_1` FOREIGN KEY (`id_user`) REFERENCES `user` (`id`);
COMMIT;

/*!40101 SET CHARACTER_SET_CLIENT=@OLD_CHARACTER_SET_CLIENT */;
/*!40101 SET CHARACTER_SET_RESULTS=@OLD_CHARACTER_SET_RESULTS */;
/*!40101 SET COLLATION_CONNECTION=@OLD_COLLATION_CONNECTION */;
